segment_id,track_id,first_frame,last_frame,num_frames,mean_score,mean_cx,mean_cy,excel_interval_start,excel_interval_end,available_excel_labels,assigned_colour,assigned_pig_id,assigned_behaviour_code,assigned_behaviour_label,identity_confidence,use_in_final_json,notes
scan_09_00,6,1,500,500,0.9038,1706.8,724.5,09:00:00,09:00:10,green=NU(eating); blue=NU(eating); purple=NU(eating); red neck=NU(eating); red tail=AN(exploring_or_sniffing); no color=NU(eating),,,,,,,
scan_09_00,4,1,500,500,0.899,1481.05,284.45,09:00:00,09:00:10,green=NU(eating); blue=NU(eating); purple=NU(eating); red neck=NU(eating); red tail=AN(exploring_or_sniffing); no color=NU(eating),,,,,,,
scan_09_00,7,1,500,500,0.8862,1730.88,493.7,09:00:00,09:00:10,green=NU(eating); blue=NU(eating); purple=NU(eating); red neck=NU(eating); red tail=AN(exploring_or_sniffing); no color=NU(eating),,,,,,,
scan_09_00,3,1,500,495,0.8342,1165.34,493.26,09:00:00,09:00:10,green=NU(eating); blue=NU(eating); purple=NU(eating); red neck=NU(eating); red tail=AN(exploring_or_sniffing); no color=NU(eating),,,,,,,
scan_09_00,12,8,500,492,0.8126,1107.99,545.5,09:00:00,09:00:10,green=NU(eating); blue=NU(eating); purple=NU(eating); red neck=NU(eating); red tail=AN(exploring_or_sniffing); no color=NU(eating),,,,,,,
scan_09_00,2,1,478,478,0.822,1458.84,558.48,09:00:00,09:00:10,green=NU(eating); blue=NU(eating); purple=NU(eating); red neck=NU(eating); red tail=AN(exploring_or_sniffing); no color=NU(eating),,,,,,,
scan_09_00,1,1,341,341,0.9238,936.2,873.95,09:00:00,09:00:10,green=NU(eating); blue=NU(eating); purple=NU(eating); red neck=NU(eating); red tail=AN(exploring_or_sniffing); no color=NU(eating),,,,,,,
scan_09_00,21,163,388,226,0.8537,1646.11,879.21,09:00:00,09:00:10,green=NU(eating); blue=NU(eating); purple=NU(eating); red neck=NU(eating); red tail=AN(exploring_or_sniffing); no color=NU(eating),,,,,,,
scan_09_00,30,319,500,182,0.6155,721.79,512.07,09:00:00,09:00:10,green=NU(eating); blue=NU(eating); purple=NU(eating); red neck=NU(eating); red tail=AN(exploring_or_sniffing); no color=NU(eating),,,,,,,
scan_09_00,9,1,174,174,0.7141,793.48,514.06,09:00:00,09:00:10,green=NU(eating); blue=NU(eating); purple=NU(eating); red neck=NU(eating); red tail=AN(exploring_or_sniffing); no color=NU(eating),,,,,,,
scan_09_00,31,321,500,174,0.6433,241.41,280.14,09:00:00,09:00:10,green=NU(eating); blue=NU(eating); purple=NU(eating); red neck=NU(eating); red tail=AN(exploring_or_sniffing); no color=NU(eating),,,,,,,
scan_09_00,24,188,335,142,0.5525,761.48,495.63,09:00:00,09:00:10,green=NU(eating); blue=NU(eating); purple=NU(eating); red neck=NU(eating); red tail=AN(exploring_or_sniffing); no color=NU(eating),,,,,,,
scan_09_10,7,1,375,375,0.8666,1486.6,591.87,09:10:00,09:10:10,green=BOX(out_of_view_or_box); blue=BOX(out_of_view_or_box); purple=BOX(out_of_view_or_box); red neck=BOX(out_of_view_or_box); red tail=STI(lying_sternal); no color=BOX(out_of_view_or_box),,,,,,,
scan_09_10,2,1,375,375,0.8091,1154.31,952.84,09:10:00,09:10:10,green=BOX(out_of_view_or_box); blue=BOX(out_of_view_or_box); purple=BOX(out_of_view_or_box); red neck=BOX(out_of_view_or_box); red tail=STI(lying_sternal); no color=BOX(out_of_view_or_box),,,,,,,
scan_09_10,4,1,375,375,0.7927,1585.34,381.41,09:10:00,09:10:10,green=BOX(out_of_view_or_box); blue=BOX(out_of_view_or_box); purple=BOX(out_of_view_or_box); red neck=BOX(out_of_view_or_box); red tail=STI(lying_sternal); no color=BOX(out_of_view_or_box),,,,,,,
scan_09_10,3,1,375,375,0.6859,1810.43,742.66,09:10:00,09:10:10,green=BOX(out_of_view_or_box); blue=BOX(out_of_view_or_box); purple=BOX(out_of_view_or_box); red neck=BOX(out_of_view_or_box); red tail=STI(lying_sternal); no color=BOX(out_of_view_or_box),,,,,,,
scan_09_10,5,1,375,375,0.5648,693.89,881.36,09:10:00,09:10:10,green=BOX(out_of_view_or_box); blue=BOX(out_of_view_or_box); purple=BOX(out_of_view_or_box); red neck=BOX(out_of_view_or_box); red tail=STI(lying_sternal); no color=BOX(out_of_view_or_box),,,,,,,
scan_09_10,14,88,375,288,0.5659,1541.98,452.06,09:10:00,09:10:10,green=BOX(out_of_view_or_box); blue=BOX(out_of_view_or_box); purple=BOX(out_of_view_or_box); red neck=BOX(out_of_view_or_box); red tail=STI(lying_sternal); no color=BOX(out_of_view_or_box),,,,,,,
scan_09_10,1,1,223,223,0.8377,1107.31,505.24,09:10:00,09:10:10,green=BOX(out_of_view_or_box); blue=BOX(out_of_view_or_box); purple=BOX(out_of_view_or_box); red neck=BOX(out_of_view_or_box); red tail=STI(lying_sternal); no color=BOX(out_of_view_or_box),,,,,,,
scan_09_10,15,172,375,204,0.8489,1368.19,459.4,09:10:00,09:10:10,green=BOX(out_of_view_or_box); blue=BOX(out_of_view_or_box); purple=BOX(out_of_view_or_box); red neck=BOX(out_of_view_or_box); red tail=STI(lying_sternal); no color=BOX(out_of_view_or_box),,,,,,,
scan_09_10,16,181,375,195,0.7095,1676.69,457.18,09:10:00,09:10:10,green=BOX(out_of_view_or_box); blue=BOX(out_of_view_or_box); purple=BOX(out_of_view_or_box); red neck=BOX(out_of_view_or_box); red tail=STI(lying_sternal); no color=BOX(out_of_view_or_box),,,,,,,
scan_09_10,8,5,179,175,0.6756,1459.88,466.8,09:10:00,09:10:10,green=BOX(out_of_view_or_box); blue=BOX(out_of_view_or_box); purple=BOX(out_of_view_or_box); red neck=BOX(out_of_view_or_box); red tail=STI(lying_sternal); no color=BOX(out_of_view_or_box),,,,,,,
scan_09_10,17,241,375,135,0.8919,1019.33,534.44,09:10:00,09:10:10,green=BOX(out_of_view_or_box); blue=BOX(out_of_view_or_box); purple=BOX(out_of_view_or_box); red neck=BOX(out_of_view_or_box); red tail=STI(lying_sternal); no color=BOX(out_of_view_or_box),,,,,,,
scan_09_10,18,301,375,75,0.7653,563.57,969.77,09:10:00,09:10:10,green=BOX(out_of_view_or_box); blue=BOX(out_of_view_or_box); purple=BOX(out_of_view_or_box); red neck=BOX(out_of_view_or_box); red tail=STI(lying_sternal); no color=BOX(out_of_view_or_box),,,,,,,
scan_09_20,1,1,250,250,0.9351,1135.48,739.06,09:20:00,09:20:10,green=BOX(out_of_view_or_box); blue=BOX(out_of_view_or_box); purple=PI(standing_inactive); red neck=BOX(out_of_view_or_box); red tail=STI(lying_sternal); no color=AN(exploring_or_sniffing),,,,,,,
scan_09_20,3,1,250,250,0.862,1138.18,437.42,09:20:00,09:20:10,green=BOX(out_of_view_or_box); blue=BOX(out_of_view_or_box); purple=PI(standing_inactive); red neck=BOX(out_of_view_or_box); red tail=STI(lying_sternal); no color=AN(exploring_or_sniffing),,,,,,,
scan_09_20,8,1,250,250,0.765,1425.89,585.6,09:20:00,09:20:10,green=BOX(out_of_view_or_box); blue=BOX(out_of_view_or_box); purple=PI(standing_inactive); red neck=BOX(out_of_view_or_box); red tail=STI(lying_sternal); no color=AN(exploring_or_sniffing),,,,,,,
scan_09_20,5,1,250,250,0.7135,689.73,887.9,09:20:00,09:20:10,green=BOX(out_of_view_or_box); blue=BOX(out_of_view_or_box); purple=PI(standing_inactive); red neck=BOX(out_of_view_or_box); red tail=STI(lying_sternal); no color=AN(exploring_or_sniffing),,,,,,,
scan_09_20,7,1,250,244,0.6467,741.82,458.08,09:20:00,09:20:10,green=BOX(out_of_view_or_box); blue=BOX(out_of_view_or_box); purple=PI(standing_inactive); red neck=BOX(out_of_view_or_box); red tail=STI(lying_sternal); no color=AN(exploring_or_sniffing),,,,,,,
scan_09_20,13,7,250,243,0.5751,1614.76,553.2,09:20:00,09:20:10,green=BOX(out_of_view_or_box); blue=BOX(out_of_view_or_box); purple=PI(standing_inactive); red neck=BOX(out_of_view_or_box); red tail=STI(lying_sternal); no color=AN(exploring_or_sniffing),,,,,,,
scan_09_20,6,1,240,240,0.831,1601.22,431.08,09:20:00,09:20:10,green=BOX(out_of_view_or_box); blue=BOX(out_of_view_or_box); purple=PI(standing_inactive); red neck=BOX(out_of_view_or_box); red tail=STI(lying_sternal); no color=AN(exploring_or_sniffing),,,,,,,
scan_09_20,4,1,239,239,0.849,1130.91,930.78,09:20:00,09:20:10,green=BOX(out_of_view_or_box); blue=BOX(out_of_view_or_box); purple=PI(standing_inactive); red neck=BOX(out_of_view_or_box); red tail=STI(lying_sternal); no color=AN(exploring_or_sniffing),,,,,,,
scan_09_20,10,1,239,239,0.5465,171.08,336.55,09:20:00,09:20:10,green=BOX(out_of_view_or_box); blue=BOX(out_of_view_or_box); purple=PI(standing_inactive); red neck=BOX(out_of_view_or_box); red tail=STI(lying_sternal); no color=AN(exploring_or_sniffing),,,,,,,
scan_09_20,2,1,144,144,0.646,972.75,459.22,09:20:00,09:20:10,green=BOX(out_of_view_or_box); blue=BOX(out_of_view_or_box); purple=PI(standing_inactive); red neck=BOX(out_of_view_or_box); red tail=STI(lying_sternal); no color=AN(exploring_or_sniffing),,,,,,,
scan_09_20,14,23,148,126,0.6082,1587.19,475.1,09:20:00,09:20:10,green=BOX(out_of_view_or_box); blue=BOX(out_of_view_or_box); purple=PI(standing_inactive); red neck=BOX(out_of_view_or_box); red tail=STI(lying_sternal); no color=AN(exploring_or_sniffing),,,,,,,
scan_09_20,9,1,96,96,0.4585,1340.1,494.45,09:20:00,09:20:10,green=BOX(out_of_view_or_box); blue=BOX(out_of_view_or_box); purple=PI(standing_inactive); red neck=BOX(out_of_view_or_box); red tail=STI(lying_sternal); no color=AN(exploring_or_sniffing),,,,,,,
scan_09_30,2,1,500,500,0.8837,1428.18,298.59,09:30:00,09:30:10,green=BOX(out_of_view_or_box); blue=BOX(out_of_view_or_box); purple=STI(lying_sternal); red neck=BOX(out_of_view_or_box); red tail=STI(lying_sternal); no color=BOX(out_of_view_or_box),,,,,,,
scan_09_30,3,1,497,497,0.8531,1711.17,485.18,09:30:00,09:30:10,green=BOX(out_of_view_or_box); blue=BOX(out_of_view_or_box); purple=STI(lying_sternal); red neck=BOX(out_of_view_or_box); red tail=STI(lying_sternal); no color=BOX(out_of_view_or_box),,,,,,,
scan_09_30,9,1,497,497,0.7653,796.51,936.08,09:30:00,09:30:10,green=BOX(out_of_view_or_box); blue=BOX(out_of_view_or_box); purple=STI(lying_sternal); red neck=BOX(out_of_view_or_box); red tail=STI(lying_sternal); no color=BOX(out_of_view_or_box),,,,,,,
scan_09_30,5,1,497,497,0.7284,1364.75,481.48,09:30:00,09:30:10,green=BOX(out_of_view_or_box); blue=BOX(out_of_view_or_box); purple=STI(lying_sternal); red neck=BOX(out_of_view_or_box); red tail=STI(lying_sternal); no color=BOX(out_of_view_or_box),,,,,,,
scan_09_30,6,1,497,497,0.6357,1836.25,763.09,09:30:00,09:30:10,green=BOX(out_of_view_or_box); blue=BOX(out_of_view_or_box); purple=STI(lying_sternal); red neck=BOX(out_of_view_or_box); red tail=STI(lying_sternal); no color=BOX(out_of_view_or_box),,,,,,,
scan_09_30,1,1,497,489,0.8214,1540.67,699.67,09:30:00,09:30:10,green=BOX(out_of_view_or_box); blue=BOX(out_of_view_or_box); purple=STI(lying_sternal); red neck=BOX(out_of_view_or_box); red tail=STI(lying_sternal); no color=BOX(out_of_view_or_box),,,,,,,
scan_09_30,18,183,445,252,0.4775,793.93,435.31,09:30:00,09:30:10,green=BOX(out_of_view_or_box); blue=BOX(out_of_view_or_box); purple=STI(lying_sternal); red neck=BOX(out_of_view_or_box); red tail=STI(lying_sternal); no color=BOX(out_of_view_or_box),,,,,,,
scan_09_30,25,302,500,199,0.3487,172.12,322.6,09:30:00,09:30:10,green=BOX(out_of_view_or_box); blue=BOX(out_of_view_or_box); purple=STI(lying_sternal); red neck=BOX(out_of_view_or_box); red tail=STI(lying_sternal); no color=BOX(out_of_view_or_box),,,,,,,
scan_09_30,24,293,500,195,0.3384,754.13,421.0,09:30:00,09:30:10,green=BOX(out_of_view_or_box); blue=BOX(out_of_view_or_box); purple=STI(lying_sternal); red neck=BOX(out_of_view_or_box); red tail=STI(lying_sternal); no color=BOX(out_of_view_or_box),,,,,,,
scan_09_30,7,1,187,187,0.6178,620.72,951.96,09:30:00,09:30:10,green=BOX(out_of_view_or_box); blue=BOX(out_of_view_or_box); purple=STI(lying_sternal); red neck=BOX(out_of_view_or_box); red tail=STI(lying_sternal); no color=BOX(out_of_view_or_box),,,,,,,
scan_09_30,12,67,225,159,0.6681,803.6,429.52,09:30:00,09:30:10,green=BOX(out_of_view_or_box); blue=BOX(out_of_view_or_box); purple=STI(lying_sternal); red neck=BOX(out_of_view_or_box); red tail=STI(lying_sternal); no color=BOX(out_of_view_or_box),,,,,,,
scan_09_30,22,293,446,152,0.5644,1145.43,612.67,09:30:00,09:30:10,green=BOX(out_of_view_or_box); blue=BOX(out_of_view_or_box); purple=STI(lying_sternal); red neck=BOX(out_of_view_or_box); red tail=STI(lying_sternal); no color=BOX(out_of_view_or_box),,,,,,,
scan_09_40,4,1,500,500,0.9131,1170.15,916.16,09:40:00,09:40:10,green=AN(exploring_or_sniffing); blue=BOX(out_of_view_or_box); purple=STI(lying_sternal); red neck=AN(exploring_or_sniffing); red tail=IN(interaction); no color=AN(exploring_or_sniffing),,,,,,,
scan_09_40,2,1,500,500,0.8962,1469.42,316.79,09:40:00,09:40:10,green=AN(exploring_or_sniffing); blue=BOX(out_of_view_or_box); purple=STI(lying_sternal); red neck=AN(exploring_or_sniffing); red tail=IN(interaction); no color=AN(exploring_or_sniffing),,,,,,,
scan_09_40,5,1,500,500,0.8359,171.35,320.37,09:40:00,09:40:10,green=AN(exploring_or_sniffing); blue=BOX(out_of_view_or_box); purple=STI(lying_sternal); red neck=AN(exploring_or_sniffing); red tail=IN(interaction); no color=AN(exploring_or_sniffing),,,,,,,
scan_09_40,8,1,500,500,0.7828,1099.75,281.55,09:40:00,09:40:10,green=AN(exploring_or_sniffing); blue=BOX(out_of_view_or_box); purple=STI(lying_sternal); red neck=AN(exploring_or_sniffing); red tail=IN(interaction); no color=AN(exploring_or_sniffing),,,,,,,
scan_09_40,3,1,500,496,0.8379,929.15,335.86,09:40:00,09:40:10,green=AN(exploring_or_sniffing); blue=BOX(out_of_view_or_box); purple=STI(lying_sternal); red neck=AN(exploring_or_sniffing); red tail=IN(interaction); no color=AN(exploring_or_sniffing),,,,,,,
scan_09_40,9,52,500,449,0.8721,1260.88,616.28,09:40:00,09:40:10,green=AN(exploring_or_sniffing); blue=BOX(out_of_view_or_box); purple=STI(lying_sternal); red neck=AN(exploring_or_sniffing); red tail=IN(interaction); no color=AN(exploring_or_sniffing),,,,,,,
scan_09_40,1,1,412,412,0.9261,841.64,802.54,09:40:00,09:40:10,green=AN(exploring_or_sniffing); blue=BOX(out_of_view_or_box); purple=STI(lying_sternal); red neck=AN(exploring_or_sniffing); red tail=IN(interaction); no color=AN(exploring_or_sniffing),,,,,,,
scan_09_40,6,1,412,404,0.6049,95.16,502.53,09:40:00,09:40:10,green=AN(exploring_or_sniffing); blue=BOX(out_of_view_or_box); purple=STI(lying_sternal); red neck=AN(exploring_or_sniffing); red tail=IN(interaction); no color=AN(exploring_or_sniffing),,,,,,,
scan_09_40,11,178,500,315,0.7539,891.59,417.4,09:40:00,09:40:10,green=AN(exploring_or_sniffing); blue=BOX(out_of_view_or_box); purple=STI(lying_sternal); red neck=AN(exploring_or_sniffing); red tail=IN(interaction); no color=AN(exploring_or_sniffing),,,,,,,
scan_09_40,7,1,160,160,0.6913,913.46,460.61,09:40:00,09:40:10,green=AN(exploring_or_sniffing); blue=BOX(out_of_view_or_box); purple=STI(lying_sternal); red neck=AN(exploring_or_sniffing); red tail=IN(interaction); no color=AN(exploring_or_sniffing),,,,,,,
scan_09_40,10,54,156,103,0.6282,771.49,344.97,09:40:00,09:40:10,green=AN(exploring_or_sniffing); blue=BOX(out_of_view_or_box); purple=STI(lying_sternal); red neck=AN(exploring_or_sniffing); red tail=IN(interaction); no color=AN(exploring_or_sniffing),,,,,,,
scan_09_40,15,414,500,87,0.8442,928.4,953.19,09:40:00,09:40:10,green=AN(exploring_or_sniffing); blue=BOX(out_of_view_or_box); purple=STI(lying_sternal); red neck=AN(exploring_or_sniffing); red tail=IN(interaction); no color=AN(exploring_or_sniffing),,,,,,,
scan_09_50,1,1,325,325,0.9265,1670.97,392.98,09:50:00,09:50:10,green=LAI(lying_lateral); blue=STI(lying_sternal); purple=PI(standing_inactive); red neck=STI(lying_sternal); red tail=STI(lying_sternal); no color=STI(lying_sternal),,,,,,,
scan_09_50,2,1,325,325,0.9136,1070.9,891.26,09:50:00,09:50:10,green=LAI(lying_lateral); blue=STI(lying_sternal); purple=PI(standing_inactive); red neck=STI(lying_sternal); red tail=STI(lying_sternal); no color=STI(lying_sternal),,,,,,,
scan_09_50,3,1,325,325,0.895,926.77,365.21,09:50:00,09:50:10,green=LAI(lying_lateral); blue=STI(lying_sternal); purple=PI(standing_inactive); red neck=STI(lying_sternal); red tail=STI(lying_sternal); no color=STI(lying_sternal),,,,,,,
scan_09_50,4,1,325,325,0.8673,932.76,306.08,09:50:00,09:50:10,green=LAI(lying_lateral); blue=STI(lying_sternal); purple=PI(standing_inactive); red neck=STI(lying_sternal); red tail=STI(lying_sternal); no color=STI(lying_sternal),,,,,,,
scan_09_50,7,1,325,325,0.8527,928.74,953.42,09:50:00,09:50:10,green=LAI(lying_lateral); blue=STI(lying_sternal); purple=PI(standing_inactive); red neck=STI(lying_sternal); red tail=STI(lying_sternal); no color=STI(lying_sternal),,,,,,,
scan_09_50,6,1,325,325,0.8512,1285.29,638.38,09:50:00,09:50:10,green=LAI(lying_lateral); blue=STI(lying_sternal); purple=PI(standing_inactive); red neck=STI(lying_sternal); red tail=STI(lying_sternal); no color=STI(lying_sternal),,,,,,,
scan_09_50,5,1,325,325,0.8299,177.46,317.96,09:50:00,09:50:10,green=LAI(lying_lateral); blue=STI(lying_sternal); purple=PI(standing_inactive); red neck=STI(lying_sternal); red tail=STI(lying_sternal); no color=STI(lying_sternal),,,,,,,
scan_09_50,8,1,325,325,0.771,1107.22,298.89,09:50:00,09:50:10,green=LAI(lying_lateral); blue=STI(lying_sternal); purple=PI(standing_inactive); red neck=STI(lying_sternal); red tail=STI(lying_sternal); no color=STI(lying_sternal),,,,,,,
scan_09_50,9,45,95,51,0.2807,127.96,428.4,09:50:00,09:50:10,green=LAI(lying_lateral); blue=STI(lying_sternal); purple=PI(standing_inactive); red neck=STI(lying_sternal); red tail=STI(lying_sternal); no color=STI(lying_sternal),,,,,,,
