segment_id,track_id,first_frame,last_frame,num_frames,mean_score,mean_cx,mean_cy,green_blob_score,blue_blob_score,purple_blob_score,red_blob_score,green_support,blue_support,purple_support,red_support,predicted_colour,confidence_level,score_margin,recommended_action,available_excel_labels
scan_09_00,4,1,500,500,0.899,1481.05,284.45,0.0,0.0,0.0150653,0.0502907,0,0,13,18,red_candidate,medium,3.338,requires_red_neck_tail_manual_check,green=NU(eating); blue=NU(eating); purple=NU(eating); red neck=NU(eating); red tail=AN(exploring_or_sniffing); no color=NU(eating)
scan_09_00,3,1,500,495,0.8342,1165.34,493.26,0.0314909,0.055432,0.0001949,0.0,12,12,0,0,blue,medium,1.76,manual_check_recommended,green=NU(eating); blue=NU(eating); purple=NU(eating); red neck=NU(eating); red tail=AN(exploring_or_sniffing); no color=NU(eating)
scan_09_00,12,8,500,492,0.8126,1107.99,545.5,0.046135,0.0263666,0.0015441,0.0015776,18,18,3,4,green,medium,1.75,manual_check_recommended,green=NU(eating); blue=NU(eating); purple=NU(eating); red neck=NU(eating); red tail=AN(exploring_or_sniffing); no color=NU(eating)
scan_09_00,1,1,341,341,0.9238,936.2,873.95,0.0002551,0.0122306,0.0,0.0,0,6,0,0,blue,high,47.936,can_auto_assign_after_visual_review,green=NU(eating); blue=NU(eating); purple=NU(eating); red neck=NU(eating); red tail=AN(exploring_or_sniffing); no color=NU(eating)
scan_09_00,31,321,500,174,0.6433,241.41,280.14,0.016806,0.0,0.002476,0.0466464,17,0,15,18,red_candidate,medium,2.776,requires_red_neck_tail_manual_check,green=NU(eating); blue=NU(eating); purple=NU(eating); red neck=NU(eating); red tail=AN(exploring_or_sniffing); no color=NU(eating)
scan_09_10,7,1,375,375,0.8666,1486.6,591.87,0.0032884,0.0005604,0.0004661,0.0,7,1,1,0,green,high,5.868,can_auto_assign_after_visual_review,green=BOX(out_of_view_or_box); blue=BOX(out_of_view_or_box); purple=BOX(out_of_view_or_box); red neck=BOX(out_of_view_or_box); red tail=STI(lying_sternal); no color=BOX(out_of_view_or_box)
scan_09_10,2,1,375,375,0.8091,1154.31,952.84,0.0,0.0043685,0.0,0.0,0,9,0,0,blue,high,4368505.762,can_auto_assign_after_visual_review,green=BOX(out_of_view_or_box); blue=BOX(out_of_view_or_box); purple=BOX(out_of_view_or_box); red neck=BOX(out_of_view_or_box); red tail=STI(lying_sternal); no color=BOX(out_of_view_or_box)
scan_09_10,4,1,375,375,0.7927,1585.34,381.41,0.000471,0.0,0.0017397,0.0,1,0,4,0,purple,medium,3.693,manual_check_recommended,green=BOX(out_of_view_or_box); blue=BOX(out_of_view_or_box); purple=BOX(out_of_view_or_box); red neck=BOX(out_of_view_or_box); red tail=STI(lying_sternal); no color=BOX(out_of_view_or_box)
scan_09_10,14,88,375,288,0.5659,1541.98,452.06,0.0001096,0.0,0.0230499,0.0,0,0,17,0,purple,high,210.256,can_auto_assign_after_visual_review,green=BOX(out_of_view_or_box); blue=BOX(out_of_view_or_box); purple=BOX(out_of_view_or_box); red neck=BOX(out_of_view_or_box); red tail=STI(lying_sternal); no color=BOX(out_of_view_or_box)
scan_09_10,1,1,223,223,0.8377,1107.31,505.24,0.0025606,0.0035098,0.0230939,0.0004321,13,11,18,1,purple,high,6.58,can_auto_assign_after_visual_review,green=BOX(out_of_view_or_box); blue=BOX(out_of_view_or_box); purple=BOX(out_of_view_or_box); red neck=BOX(out_of_view_or_box); red tail=STI(lying_sternal); no color=BOX(out_of_view_or_box)
scan_09_10,15,172,375,204,0.8489,1368.19,459.4,0.0,0.0,0.0234608,0.0,0,0,18,0,purple,high,23460808.109,can_auto_assign_after_visual_review,green=BOX(out_of_view_or_box); blue=BOX(out_of_view_or_box); purple=BOX(out_of_view_or_box); red neck=BOX(out_of_view_or_box); red tail=STI(lying_sternal); no color=BOX(out_of_view_or_box)
scan_09_10,8,5,179,175,0.6756,1459.88,466.8,0.001976,0.0,0.0185871,0.0,3,0,16,0,purple,high,9.407,can_auto_assign_after_visual_review,green=BOX(out_of_view_or_box); blue=BOX(out_of_view_or_box); purple=BOX(out_of_view_or_box); red neck=BOX(out_of_view_or_box); red tail=STI(lying_sternal); no color=BOX(out_of_view_or_box)
scan_09_10,17,241,375,135,0.8919,1019.33,534.44,0.0011137,0.0046593,0.0120307,0.0,10,14,18,0,purple,high,2.582,can_auto_assign_after_visual_review,green=BOX(out_of_view_or_box); blue=BOX(out_of_view_or_box); purple=BOX(out_of_view_or_box); red neck=BOX(out_of_view_or_box); red tail=STI(lying_sternal); no color=BOX(out_of_view_or_box)
scan_09_20,1,1,250,250,0.9351,1135.48,739.06,0.0025848,0.0008059,0.0003206,0.0,17,2,0,0,green,high,3.207,can_auto_assign_after_visual_review,green=BOX(out_of_view_or_box); blue=BOX(out_of_view_or_box); purple=PI(standing_inactive); red neck=BOX(out_of_view_or_box); red tail=STI(lying_sternal); no color=AN(exploring_or_sniffing)
scan_09_20,3,1,250,250,0.862,1138.18,437.42,0.0631408,0.0391495,0.0058299,0.0,17,14,6,0,green,medium,1.613,manual_check_recommended,green=BOX(out_of_view_or_box); blue=BOX(out_of_view_or_box); purple=PI(standing_inactive); red neck=BOX(out_of_view_or_box); red tail=STI(lying_sternal); no color=AN(exploring_or_sniffing)
scan_09_20,7,1,250,244,0.6467,741.82,458.08,0.0038807,0.0146126,0.023224,0.0029813,11,17,17,1,purple,medium,1.589,manual_check_recommended,green=BOX(out_of_view_or_box); blue=BOX(out_of_view_or_box); purple=PI(standing_inactive); red neck=BOX(out_of_view_or_box); red tail=STI(lying_sternal); no color=AN(exploring_or_sniffing)
scan_09_20,2,1,144,144,0.646,972.75,459.22,0.0014315,0.0674294,0.0128956,0.0,3,15,11,0,blue,high,5.229,can_auto_assign_after_visual_review,green=BOX(out_of_view_or_box); blue=BOX(out_of_view_or_box); purple=PI(standing_inactive); red neck=BOX(out_of_view_or_box); red tail=STI(lying_sternal); no color=AN(exploring_or_sniffing)
scan_09_20,9,1,96,96,0.4585,1340.1,494.45,0.0,0.0,0.0024682,0.0,0,0,5,0,purple,medium,2468229.941,manual_check_recommended,green=BOX(out_of_view_or_box); blue=BOX(out_of_view_or_box); purple=PI(standing_inactive); red neck=BOX(out_of_view_or_box); red tail=STI(lying_sternal); no color=AN(exploring_or_sniffing)
scan_09_30,18,183,445,252,0.4775,793.93,435.31,0.0023808,0.007902,0.0697257,0.0170997,10,14,17,18,purple,high,4.078,can_auto_assign_after_visual_review,green=BOX(out_of_view_or_box); blue=BOX(out_of_view_or_box); purple=STI(lying_sternal); red neck=BOX(out_of_view_or_box); red tail=STI(lying_sternal); no color=BOX(out_of_view_or_box)
scan_09_30,24,293,500,195,0.3384,754.13,421.0,0.0047917,0.0083446,0.0617222,0.0250243,9,15,16,17,purple,high,2.466,can_auto_assign_after_visual_review,green=BOX(out_of_view_or_box); blue=BOX(out_of_view_or_box); purple=STI(lying_sternal); red neck=BOX(out_of_view_or_box); red tail=STI(lying_sternal); no color=BOX(out_of_view_or_box)
scan_09_30,12,67,225,159,0.6681,803.6,429.52,0.0022611,0.0056441,0.068355,0.0199196,10,11,18,18,purple,high,3.432,can_auto_assign_after_visual_review,green=BOX(out_of_view_or_box); blue=BOX(out_of_view_or_box); purple=STI(lying_sternal); red neck=BOX(out_of_view_or_box); red tail=STI(lying_sternal); no color=BOX(out_of_view_or_box)
scan_09_30,22,293,446,152,0.5644,1145.43,612.67,0.066819,0.0141727,0.000712,0.0006123,18,18,1,0,green,high,4.715,can_auto_assign_after_visual_review,green=BOX(out_of_view_or_box); blue=BOX(out_of_view_or_box); purple=STI(lying_sternal); red neck=BOX(out_of_view_or_box); red tail=STI(lying_sternal); no color=BOX(out_of_view_or_box)
scan_09_40,4,1,500,500,0.9131,1170.15,916.16,0.0,0.0030869,0.0,0.0,0,5,0,0,blue,high,3086915.745,can_auto_assign_after_visual_review,green=AN(exploring_or_sniffing); blue=BOX(out_of_view_or_box); purple=STI(lying_sternal); red neck=AN(exploring_or_sniffing); red tail=IN(interaction); no color=AN(exploring_or_sniffing)
scan_09_40,8,1,500,500,0.7828,1099.75,281.55,0.000202,0.0004079,0.0136363,0.0340661,1,2,18,18,red_candidate,medium,2.498,requires_red_neck_tail_manual_check,green=AN(exploring_or_sniffing); blue=BOX(out_of_view_or_box); purple=STI(lying_sternal); red neck=AN(exploring_or_sniffing); red tail=IN(interaction); no color=AN(exploring_or_sniffing)
scan_09_40,9,52,500,449,0.8721,1260.88,616.28,0.001463,0.0620039,0.008629,0.0279987,10,14,4,5,blue,high,2.215,can_auto_assign_after_visual_review,green=AN(exploring_or_sniffing); blue=BOX(out_of_view_or_box); purple=STI(lying_sternal); red neck=AN(exploring_or_sniffing); red tail=IN(interaction); no color=AN(exploring_or_sniffing)
scan_09_40,1,1,412,412,0.9261,841.64,802.54,0.0,0.0015184,0.0,0.0,0,9,0,0,blue,medium,1518388.041,manual_check_recommended,green=AN(exploring_or_sniffing); blue=BOX(out_of_view_or_box); purple=STI(lying_sternal); red neck=AN(exploring_or_sniffing); red tail=IN(interaction); no color=AN(exploring_or_sniffing)
scan_09_40,6,1,412,404,0.6049,95.16,502.53,0.0127908,0.0004784,0.0058549,0.0011877,17,1,11,4,green,high,2.185,can_auto_assign_after_visual_review,green=AN(exploring_or_sniffing); blue=BOX(out_of_view_or_box); purple=STI(lying_sternal); red neck=AN(exploring_or_sniffing); red tail=IN(interaction); no color=AN(exploring_or_sniffing)
scan_09_40,11,178,500,315,0.7539,891.59,417.4,0.0397169,0.0057621,0.0046306,0.0013426,13,9,4,3,green,high,6.893,can_auto_assign_after_visual_review,green=AN(exploring_or_sniffing); blue=BOX(out_of_view_or_box); purple=STI(lying_sternal); red neck=AN(exploring_or_sniffing); red tail=IN(interaction); no color=AN(exploring_or_sniffing)
scan_09_40,7,1,160,160,0.6913,913.46,460.61,0.0263021,0.0121319,9.94e-05,0.0,18,17,0,0,green,high,2.168,can_auto_assign_after_visual_review,green=AN(exploring_or_sniffing); blue=BOX(out_of_view_or_box); purple=STI(lying_sternal); red neck=AN(exploring_or_sniffing); red tail=IN(interaction); no color=AN(exploring_or_sniffing)
scan_09_50,3,1,325,325,0.895,926.77,365.21,0.0,0.001683,0.0088194,0.0043941,0,4,17,12,purple,high,2.007,can_auto_assign_after_visual_review,green=LAI(lying_lateral); blue=STI(lying_sternal); purple=PI(standing_inactive); red neck=STI(lying_sternal); red tail=STI(lying_sternal); no color=STI(lying_sternal)
scan_09_50,4,1,325,325,0.8673,932.76,306.08,0.0009141,0.0,0.0114657,0.0173056,3,0,17,18,red_candidate,medium,1.509,requires_red_neck_tail_manual_check,green=LAI(lying_lateral); blue=STI(lying_sternal); purple=PI(standing_inactive); red neck=STI(lying_sternal); red tail=STI(lying_sternal); no color=STI(lying_sternal)
scan_09_50,6,1,325,325,0.8512,1285.29,638.38,0.0024733,0.0003335,0.0109963,0.047862,10,0,18,18,red_candidate,medium,4.353,requires_red_neck_tail_manual_check,green=LAI(lying_lateral); blue=STI(lying_sternal); purple=PI(standing_inactive); red neck=STI(lying_sternal); red tail=STI(lying_sternal); no color=STI(lying_sternal)
scan_09_50,8,1,325,325,0.771,1107.22,298.89,0.0008889,0.0,0.005491,0.0144155,3,0,14,16,red_candidate,medium,2.625,requires_red_neck_tail_manual_check,green=LAI(lying_lateral); blue=STI(lying_sternal); purple=PI(standing_inactive); red neck=STI(lying_sternal); red tail=STI(lying_sternal); no color=STI(lying_sternal)
scan_09_50,9,45,95,51,0.2807,127.96,428.4,0.0116731,0.002177,0.0005395,0.0,13,5,1,0,green,high,5.362,can_auto_assign_after_visual_review,green=LAI(lying_lateral); blue=STI(lying_sternal); purple=PI(standing_inactive); red neck=STI(lying_sternal); red tail=STI(lying_sternal); no color=STI(lying_sternal)
