segment_id,track_id,first_frame,last_frame,num_frames,mean_score,mean_cx,mean_cy,assigned_pig_id,assigned_colour,behaviour_code,behaviour_label,identity_confidence,notes
scan_09_00,6,1,500,500,0.9038,1706.8,724.5,,,,,,Fill assigned_colour manually if the colour marker is visible.
scan_09_00,4,1,500,500,0.899,1481.05,284.45,,,,,,Fill assigned_colour manually if the colour marker is visible.
scan_09_00,7,1,500,500,0.8862,1730.88,493.7,,,,,,Fill assigned_colour manually if the colour marker is visible.
scan_09_00,3,1,500,495,0.8342,1165.34,493.26,,,,,,Fill assigned_colour manually if the colour marker is visible.
scan_09_00,12,8,500,492,0.8126,1107.99,545.5,,,,,,Fill assigned_colour manually if the colour marker is visible.
scan_09_00,2,1,478,478,0.822,1458.84,558.48,,,,,,Fill assigned_colour manually if the colour marker is visible.
scan_09_00,1,1,341,341,0.9238,936.2,873.95,,,,,,Fill assigned_colour manually if the colour marker is visible.
scan_09_00,21,163,388,226,0.8537,1646.11,879.21,,,,,,Fill assigned_colour manually if the colour marker is visible.
scan_09_00,30,319,500,182,0.6155,721.79,512.07,,,,,,Fill assigned_colour manually if the colour marker is visible.
scan_09_00,9,1,174,174,0.7141,793.48,514.06,,,,,,Fill assigned_colour manually if the colour marker is visible.
scan_09_00,31,321,500,174,0.6433,241.41,280.14,,,,,,Fill assigned_colour manually if the colour marker is visible.
scan_09_00,24,188,335,142,0.5525,761.48,495.63,,,,,,Fill assigned_colour manually if the colour marker is visible.
scan_09_00,5,1,120,120,0.8355,610.12,964.25,,,,,,Fill assigned_colour manually if the colour marker is visible.
scan_09_00,8,1,117,117,0.8803,884.58,956.15,,,,,,Fill assigned_colour manually if the colour marker is visible.
scan_09_00,33,390,500,111,0.893,1211.07,961.47,,,,,,Fill assigned_colour manually if the colour marker is visible.
scan_09_00,34,390,500,111,0.2826,1156.47,554.38,,,,,,Fill assigned_colour manually if the colour marker is visible.
scan_09_00,35,401,500,100,0.7555,1455.2,533.68,,,,,,Fill assigned_colour manually if the colour marker is visible.
scan_09_00,27,223,307,80,0.48,254.83,275.49,,,,,,Fill assigned_colour manually if the colour marker is visible.
scan_09_00,10,8,70,57,0.7422,935.32,485.76,,,,,,Fill assigned_colour manually if the colour marker is visible.
scan_09_00,29,299,352,44,0.5113,1400.73,473.78,,,,,,Fill assigned_colour manually if the colour marker is visible.
scan_09_00,13,15,57,43,0.7395,1180.92,480.79,,,,,,Fill assigned_colour manually if the colour marker is visible.
scan_09_00,14,67,123,36,0.3427,257.72,274.82,,,,,,Fill assigned_colour manually if the colour marker is visible.
scan_09_00,17,106,131,26,0.3008,1299.96,609.24,,,,,,Fill assigned_colour manually if the colour marker is visible.
scan_09_00,28,260,278,19,0.6565,1394.87,468.11,,,,,,Fill assigned_colour manually if the colour marker is visible.
scan_09_00,22,165,184,16,0.4538,237.07,275.45,,,,,,Fill assigned_colour manually if the colour marker is visible.
scan_09_00,26,201,214,14,0.3501,882.77,533.59,,,,,,Fill assigned_colour manually if the colour marker is visible.
scan_09_00,25,190,204,10,0.3378,1848.9,909.22,,,,,,Fill assigned_colour manually if the colour marker is visible.
scan_09_00,15,85,93,9,0.5462,938.73,450.4,,,,,,Fill assigned_colour manually if the colour marker is visible.
scan_09_00,19,133,140,8,0.5091,250.38,275.61,,,,,,Fill assigned_colour manually if the colour marker is visible.
scan_09_00,20,144,147,4,0.318,888.53,546.58,,,,,,Fill assigned_colour manually if the colour marker is visible.
scan_09_00,18,115,118,4,0.2703,730.49,452.4,,,,,,Fill assigned_colour manually if the colour marker is visible.
scan_09_00,16,97,100,4,0.2074,891.63,559.63,,,,,,Fill assigned_colour manually if the colour marker is visible.
scan_09_00,32,351,352,2,0.5711,1130.46,543.99,,,,,,Fill assigned_colour manually if the colour marker is visible.
scan_09_10,7,1,375,375,0.8666,1486.6,591.87,,,,,,Fill assigned_colour manually if the colour marker is visible.
scan_09_10,2,1,375,375,0.8091,1154.31,952.84,,,,,,Fill assigned_colour manually if the colour marker is visible.
scan_09_10,4,1,375,375,0.7927,1585.34,381.41,,,,,,Fill assigned_colour manually if the colour marker is visible.
scan_09_10,3,1,375,375,0.6859,1810.43,742.66,,,,,,Fill assigned_colour manually if the colour marker is visible.
scan_09_10,5,1,375,375,0.5648,693.89,881.36,,,,,,Fill assigned_colour manually if the colour marker is visible.
scan_09_10,14,88,375,288,0.5659,1541.98,452.06,,,,,,Fill assigned_colour manually if the colour marker is visible.
scan_09_10,1,1,223,223,0.8377,1107.31,505.24,,,,,,Fill assigned_colour manually if the colour marker is visible.
scan_09_10,15,172,375,204,0.8489,1368.19,459.4,,,,,,Fill assigned_colour manually if the colour marker is visible.
scan_09_10,16,181,375,195,0.7095,1676.69,457.18,,,,,,Fill assigned_colour manually if the colour marker is visible.
scan_09_10,8,5,179,175,0.6756,1459.88,466.8,,,,,,Fill assigned_colour manually if the colour marker is visible.
scan_09_10,17,241,375,135,0.8919,1019.33,534.44,,,,,,Fill assigned_colour manually if the colour marker is visible.
scan_09_10,18,301,375,75,0.7653,563.57,969.77,,,,,,Fill assigned_colour manually if the colour marker is visible.
scan_09_10,20,337,375,39,0.4948,754.43,416.13,,,,,,Fill assigned_colour manually if the colour marker is visible.
scan_09_10,13,79,111,33,0.3697,1679.53,454.88,,,,,,Fill assigned_colour manually if the colour marker is visible.
scan_09_10,19,313,335,23,0.3342,1724.05,591.29,,,,,,Fill assigned_colour manually if the colour marker is visible.
scan_09_10,6,1,21,19,0.6276,1389.19,464.57,,,,,,Fill assigned_colour manually if the colour marker is visible.
scan_09_10,12,66,70,5,0.4402,123.42,455.26,,,,,,Fill assigned_colour manually if the colour marker is visible.
scan_09_10,11,59,61,3,0.4456,1697.93,454.84,,,,,,Fill assigned_colour manually if the colour marker is visible.
scan_09_10,9,20,21,2,0.3158,116.21,453.44,,,,,,Fill assigned_colour manually if the colour marker is visible.
scan_09_20,1,1,250,250,0.9351,1135.48,739.06,,,,,,Fill assigned_colour manually if the colour marker is visible.
scan_09_20,3,1,250,250,0.862,1138.18,437.42,,,,,,Fill assigned_colour manually if the colour marker is visible.
scan_09_20,8,1,250,250,0.765,1425.89,585.6,,,,,,Fill assigned_colour manually if the colour marker is visible.
scan_09_20,5,1,250,250,0.7135,689.73,887.9,,,,,,Fill assigned_colour manually if the colour marker is visible.
scan_09_20,7,1,250,244,0.6467,741.82,458.08,,,,,,Fill assigned_colour manually if the colour marker is visible.
scan_09_20,13,7,250,243,0.5751,1614.76,553.2,,,,,,Fill assigned_colour manually if the colour marker is visible.
scan_09_20,6,1,240,240,0.831,1601.22,431.08,,,,,,Fill assigned_colour manually if the colour marker is visible.
scan_09_20,4,1,239,239,0.849,1130.91,930.78,,,,,,Fill assigned_colour manually if the colour marker is visible.
scan_09_20,10,1,239,239,0.5465,171.08,336.55,,,,,,Fill assigned_colour manually if the colour marker is visible.
scan_09_20,2,1,144,144,0.646,972.75,459.22,,,,,,Fill assigned_colour manually if the colour marker is visible.
scan_09_20,14,23,148,126,0.6082,1587.19,475.1,,,,,,Fill assigned_colour manually if the colour marker is visible.
scan_09_20,9,1,96,96,0.4585,1340.1,494.45,,,,,,Fill assigned_colour manually if the colour marker is visible.
scan_09_20,17,182,239,58,0.461,1562.22,616.77,,,,,,Fill assigned_colour manually if the colour marker is visible.
scan_09_20,15,77,89,13,0.3829,1553.44,600.76,,,,,,Fill assigned_colour manually if the colour marker is visible.
scan_09_20,18,241,250,10,0.8933,1431.66,296.54,,,,,,Fill assigned_colour manually if the colour marker is visible.
scan_09_20,19,241,250,10,0.7807,1822.47,775.74,,,,,,Fill assigned_colour manually if the colour marker is visible.
scan_09_20,12,1,8,8,0.2437,184.13,301.18,,,,,,Fill assigned_colour manually if the colour marker is visible.
scan_09_20,16,120,126,7,0.3316,1655.21,589.33,,,,,,Fill assigned_colour manually if the colour marker is visible.
scan_09_20,11,1,5,5,0.2786,1586.05,510.83,,,,,,Fill assigned_colour manually if the colour marker is visible.
scan_09_30,2,1,500,500,0.8837,1428.18,298.59,,,,,,Fill assigned_colour manually if the colour marker is visible.
scan_09_30,3,1,497,497,0.8531,1711.17,485.18,,,,,,Fill assigned_colour manually if the colour marker is visible.
scan_09_30,9,1,497,497,0.7653,796.51,936.08,,,,,,Fill assigned_colour manually if the colour marker is visible.
scan_09_30,5,1,497,497,0.7284,1364.75,481.48,,,,,,Fill assigned_colour manually if the colour marker is visible.
scan_09_30,6,1,497,497,0.6357,1836.25,763.09,,,,,,Fill assigned_colour manually if the colour marker is visible.
scan_09_30,1,1,497,489,0.8214,1540.67,699.67,,,,,,Fill assigned_colour manually if the colour marker is visible.
scan_09_30,18,183,445,252,0.4775,793.93,435.31,,,,,,Fill assigned_colour manually if the colour marker is visible.
scan_09_30,25,302,500,199,0.3487,172.12,322.6,,,,,,Fill assigned_colour manually if the colour marker is visible.
scan_09_30,24,293,500,195,0.3384,754.13,421.0,,,,,,Fill assigned_colour manually if the colour marker is visible.
scan_09_30,7,1,187,187,0.6178,620.72,951.96,,,,,,Fill assigned_colour manually if the colour marker is visible.
scan_09_30,12,67,225,159,0.6681,803.6,429.52,,,,,,Fill assigned_colour manually if the colour marker is visible.
scan_09_30,22,293,446,152,0.5644,1145.43,612.67,,,,,,Fill assigned_colour manually if the colour marker is visible.
scan_09_30,27,357,497,141,0.4078,626.98,952.3,,,,,,Fill assigned_colour manually if the colour marker is visible.
scan_09_30,4,1,150,140,0.6082,1172.4,607.74,,,,,,Fill assigned_colour manually if the colour marker is visible.
scan_09_30,28,365,497,133,0.6912,126.16,351.31,,,,,,Fill assigned_colour manually if the colour marker is visible.
scan_09_30,17,176,277,102,0.4252,123.91,354.37,,,,,,Fill assigned_colour manually if the colour marker is visible.
scan_09_30,20,249,334,86,0.3142,621.06,951.6,,,,,,Fill assigned_colour manually if the colour marker is visible.
scan_09_30,13,69,136,68,0.3497,125.52,351.23,,,,,,Fill assigned_colour manually if the colour marker is visible.
scan_09_30,29,382,444,63,0.4451,1425.09,525.95,,,,,,Fill assigned_colour manually if the colour marker is visible.
scan_09_30,8,1,28,28,0.4968,865.64,456.99,,,,,,Fill assigned_colour manually if the colour marker is visible.
scan_09_30,19,201,214,14,0.4091,617.18,951.71,,,,,,Fill assigned_colour manually if the colour marker is visible.
scan_09_30,23,293,312,14,0.3728,1436.24,551.75,,,,,,Fill assigned_colour manually if the colour marker is visible.
scan_09_30,14,69,81,13,0.3554,84.91,474.35,,,,,,Fill assigned_colour manually if the colour marker is visible.
scan_09_30,15,105,116,12,0.2841,192.37,309.67,,,,,,Fill assigned_colour manually if the colour marker is visible.
scan_09_30,11,16,24,9,0.5128,125.37,350.73,,,,,,Fill assigned_colour manually if the colour marker is visible.
scan_09_30,26,318,325,8,0.8078,1416.39,699.1,,,,,,Fill assigned_colour manually if the colour marker is visible.
scan_09_30,10,8,14,6,0.3684,87.73,470.87,,,,,,Fill assigned_colour manually if the colour marker is visible.
scan_09_30,30,499,500,2,0.9128,843.9,779.92,,,,,,Fill assigned_colour manually if the colour marker is visible.
scan_09_30,31,499,500,2,0.8966,954.73,326.36,,,,,,Fill assigned_colour manually if the colour marker is visible.
scan_09_30,32,499,500,2,0.8832,1187.01,952.43,,,,,,Fill assigned_colour manually if the colour marker is visible.
scan_09_30,33,499,500,2,0.8406,92.44,509.2,,,,,,Fill assigned_colour manually if the colour marker is visible.
scan_09_30,34,499,500,2,0.6743,1123.87,288.56,,,,,,Fill assigned_colour manually if the colour marker is visible.
scan_09_40,4,1,500,500,0.9131,1170.15,916.16,,,,,,Fill assigned_colour manually if the colour marker is visible.
scan_09_40,2,1,500,500,0.8962,1469.42,316.79,,,,,,Fill assigned_colour manually if the colour marker is visible.
scan_09_40,5,1,500,500,0.8359,171.35,320.37,,,,,,Fill assigned_colour manually if the colour marker is visible.
scan_09_40,8,1,500,500,0.7828,1099.75,281.55,,,,,,Fill assigned_colour manually if the colour marker is visible.
scan_09_40,3,1,500,496,0.8379,929.15,335.86,,,,,,Fill assigned_colour manually if the colour marker is visible.
scan_09_40,9,52,500,449,0.8721,1260.88,616.28,,,,,,Fill assigned_colour manually if the colour marker is visible.
scan_09_40,1,1,412,412,0.9261,841.64,802.54,,,,,,Fill assigned_colour manually if the colour marker is visible.
scan_09_40,6,1,412,404,0.6049,95.16,502.53,,,,,,Fill assigned_colour manually if the colour marker is visible.
scan_09_40,11,178,500,315,0.7539,891.59,417.4,,,,,,Fill assigned_colour manually if the colour marker is visible.
scan_09_40,7,1,160,160,0.6913,913.46,460.61,,,,,,Fill assigned_colour manually if the colour marker is visible.
scan_09_40,10,54,156,103,0.6282,771.49,344.97,,,,,,Fill assigned_colour manually if the colour marker is visible.
scan_09_40,15,414,500,87,0.8442,928.4,953.19,,,,,,Fill assigned_colour manually if the colour marker is visible.
scan_09_40,12,178,219,31,0.4164,748.89,354.22,,,,,,Fill assigned_colour manually if the colour marker is visible.
scan_09_40,16,414,431,18,0.4647,1772.34,408.09,,,,,,Fill assigned_colour manually if the colour marker is visible.
scan_09_40,14,279,284,6,0.2988,751.0,354.91,,,,,,Fill assigned_colour manually if the colour marker is visible.
scan_09_50,1,1,325,325,0.9265,1670.97,392.98,,,,,,Fill assigned_colour manually if the colour marker is visible.
scan_09_50,2,1,325,325,0.9136,1070.9,891.26,,,,,,Fill assigned_colour manually if the colour marker is visible.
scan_09_50,3,1,325,325,0.895,926.77,365.21,,,,,,Fill assigned_colour manually if the colour marker is visible.
scan_09_50,4,1,325,325,0.8673,932.76,306.08,,,,,,Fill assigned_colour manually if the colour marker is visible.
scan_09_50,7,1,325,325,0.8527,928.74,953.42,,,,,,Fill assigned_colour manually if the colour marker is visible.
scan_09_50,6,1,325,325,0.8512,1285.29,638.38,,,,,,Fill assigned_colour manually if the colour marker is visible.
scan_09_50,5,1,325,325,0.8299,177.46,317.96,,,,,,Fill assigned_colour manually if the colour marker is visible.
scan_09_50,8,1,325,325,0.771,1107.22,298.89,,,,,,Fill assigned_colour manually if the colour marker is visible.
scan_09_50,9,45,95,51,0.2807,127.96,428.4,,,,,,Fill assigned_colour manually if the colour marker is visible.
scan_09_50,10,174,192,19,0.5043,132.66,427.38,,,,,,Fill assigned_colour manually if the colour marker is visible.
