package_path,source_path,source_exists,copied
README.md,/home/oyavuz/PigBench/README.md,True,True
docs/README_PROJECT_OVERVIEW.md,/home/oyavuz/PigBench/Full_Unibo_Behaviour_Pipeline/docs/README_PROJECT_OVERVIEW.md,True,True
docs/DEMO.md,/home/oyavuz/PigBench/Full_Unibo_Behaviour_Pipeline/docs/DEMO.md,True,True
docs/DEMO_APP_WORKFLOW.md,/home/oyavuz/PigBench/Full_Unibo_Behaviour_Pipeline/docs/DEMO_APP_WORKFLOW.md,True,True
docs/OVERLAY_EVIDENCE_DEMO.md,/home/oyavuz/PigBench/Full_Unibo_Behaviour_Pipeline/docs/OVERLAY_EVIDENCE_DEMO.md,True,True
docs/VIDEOMAE_DECISION.md,/home/oyavuz/PigBench/Full_Unibo_Behaviour_Pipeline/docs/VIDEOMAE_DECISION.md,True,True
docs/final_report.md,/home/oyavuz/PigBench/Full_Unibo_Behaviour_Pipeline/docs/final_report.md,True,True
docs/final_presentation_outline.md,/home/oyavuz/PigBench/Full_Unibo_Behaviour_Pipeline/docs/final_presentation_outline.md,True,True
outputs/v83/v83e_grouped_generalization_summary_report.md,/home/oyavuz/PigBench/Full_Unibo_Behaviour_Pipeline/outputs/v83_splitB_grouped_eval/v83e_grouped_generalization_summary_report.md,True,True
outputs/v83/v83d_leave_camera_pen_out_grouped_cv_report.md,/home/oyavuz/PigBench/Full_Unibo_Behaviour_Pipeline/outputs/v83_splitB_grouped_eval/v83d_leave_camera_pen_out_grouped_cv_report.md,True,True
outputs/v84/v84d_app_demo_overlay_summary_report.md,/home/oyavuz/PigBench/Full_Unibo_Behaviour_Pipeline/outputs/v84_app_demo_evidence/v84d_app_demo_overlay_summary_report.md,True,True
outputs/v84/v84c_overlay_demo_board.html,/home/oyavuz/PigBench/Full_Unibo_Behaviour_Pipeline/outputs/v84_app_demo_evidence/v84c_overlay_demo_board.html,True,True
outputs/v85/v85c_videomae_final_decision_report.md,/home/oyavuz/PigBench/Full_Unibo_Behaviour_Pipeline/outputs/v85_videomae_pretrained_decision/v85c_videomae_final_decision_report.md,True,True
outputs/v86/v86a_decision_summary.csv,/home/oyavuz/PigBench/Full_Unibo_Behaviour_Pipeline/outputs/v86_final_documentation/v86a_decision_summary.csv,True,True
outputs/v86/v86b_decision_summary.csv,/home/oyavuz/PigBench/Full_Unibo_Behaviour_Pipeline/outputs/v86_final_documentation/v86b_decision_summary.csv,True,True
outputs/v86/v86c_decision_summary.csv,/home/oyavuz/PigBench/Full_Unibo_Behaviour_Pipeline/outputs/v86_final_documentation/v86c_decision_summary.csv,True,True
outputs/v86/v86d_decision_summary.csv,/home/oyavuz/PigBench/Full_Unibo_Behaviour_Pipeline/outputs/v86_final_documentation/v86d_decision_summary.csv,True,True
outputs/v84/v84c_overlay_demo_samples,/home/oyavuz/PigBench/Full_Unibo_Behaviour_Pipeline/outputs/v84_app_demo_evidence/v84c_overlay_demo_samples,True,True
