"date","stage","task_name","status","input_summary","output_summary","hard_issues","warnings","next_action"
"2026-07-21","v76","Full Unibo annotation and video mapping audit","PASS","/work/pig/datasets/Unibo","/home/oyavuz/PigBench/Full_Unibo_Behaviour_Pipeline/outputs/v76_full_annotation_video_mapping_audit/Full_Unibo_Annotation_Video_Mapping_Audit","0","0","Resolve annotation-video mapping in v77."
"2026-07-21","v77","Full Excel annotation schema decode","PASS","/home/oyavuz/PigBench/Full_Unibo_Behaviour_Pipeline/outputs/v76_full_annotation_video_mapping_audit","/home/oyavuz/PigBench/Full_Unibo_Behaviour_Pipeline/outputs/v77_full_excel_annotation_schema_decode/Full_Unibo_Excel_Annotation_Schema_Decode","0","0","Create finalized annotation-window table and resolve video mapping in v78."
"2026-07-21","v77b","Cleaned annotation-window candidates","PASS","/home/oyavuz/PigBench/Full_Unibo_Behaviour_Pipeline/outputs/v77_full_excel_annotation_schema_decode/Full_Unibo_Excel_Annotation_Schema_Decode/v77_normalized_annotation_candidates.csv","/home/oyavuz/PigBench/Full_Unibo_Behaviour_Pipeline/outputs/v77b_cleaned_annotation_window_candidates/Full_Unibo_Cleaned_Annotation_Window_Candidates","0","0","Create final video-mapped annotation-window table in v78."
"2026-07-22","v78","Final video-mapped annotation-window table","PASS","/home/oyavuz/PigBench/Full_Unibo_Behaviour_Pipeline/outputs/v77b_cleaned_annotation_window_candidates/Full_Unibo_Cleaned_Annotation_Window_Candidates/v77b_cleaned_annotation_window_candidates.csv","/home/oyavuz/PigBench/Full_Unibo_Behaviour_Pipeline/outputs/v78_final_video_mapped_annotation_window_table/Full_Unibo_Final_Video_Mapped_Annotation_Window_Table","0","0","Review unresolved mappings and prepare tracking in v79."
"2026-07-22","v77c","Layout-aware Excel annotation decoder","PASS","/home/oyavuz/PigBench/Full_Unibo_Behaviour_Pipeline/outputs/v76_full_annotation_video_mapping_audit/Full_Unibo_Annotation_Video_Mapping_Audit/v76_all_excel_sheets_inventory.csv","/home/oyavuz/PigBench/Full_Unibo_Behaviour_Pipeline/outputs/v77c_layout_aware_excel_decoder/Full_Unibo_Layout_Aware_Excel_Decoder","0","0","Run corrected video mapping using v77c output."
"2026-07-22","v78b","Corrected video mapping from v77c","PASS_NEEDS_MAPPING_RESOLUTION","/home/oyavuz/PigBench/Full_Unibo_Behaviour_Pipeline/outputs/v77c_layout_aware_excel_decoder/Full_Unibo_Layout_Aware_Excel_Decoder/v77c_layout_aware_annotation_windows.csv","/home/oyavuz/PigBench/Full_Unibo_Behaviour_Pipeline/outputs/v78b_corrected_video_mapping_from_v77c/Full_Unibo_Corrected_Video_Mapping_From_v77c","0","0","Resolve camera-code mapping and rerun v78b."
"2026-07-22","v78c","Camera-code mapping resolver","PASS_MANUAL_MAPPING_REQUIRED","/home/oyavuz/PigBench/Full_Unibo_Behaviour_Pipeline/outputs/v78b_corrected_video_mapping_from_v77c/Full_Unibo_Corrected_Video_Mapping_From_v77c/v78b_unresolved_annotation_windows.csv","/home/oyavuz/PigBench/Full_Unibo_Behaviour_Pipeline/outputs/v78c_camera_code_mapping_resolver/Full_Unibo_Camera_Code_Mapping_Resolver","0","0","Fill camera_code_mapping.csv and rerun v78b."
"2026-07-22","v78b","Corrected video mapping from v77c","PASS_NEEDS_MAPPING_RESOLUTION","/home/oyavuz/PigBench/Full_Unibo_Behaviour_Pipeline/outputs/v77c_layout_aware_excel_decoder/Full_Unibo_Layout_Aware_Excel_Decoder/v77c_layout_aware_annotation_windows.csv","/home/oyavuz/PigBench/Full_Unibo_Behaviour_Pipeline/outputs/v78b_corrected_video_mapping_from_v77c/Full_Unibo_Corrected_Video_Mapping_From_v77c","0","0","Resolve camera-code mapping and rerun v78b."
"2026-07-22","v78e","Evidence-based camera-code mapping audit","PASS_NEEDS_MAPPING_COMPLETION","/home/oyavuz/PigBench/Full_Unibo_Behaviour_Pipeline/config/camera_code_mapping_TEMPLATE_TO_FILL.csv","/home/oyavuz/PigBench/Full_Unibo_Behaviour_Pipeline/outputs/v78e_evidence_based_camera_code_mapping_audit/Full_Unibo_Evidence_Based_Camera_Code_Mapping_Audit","0","16","Complete unresolved camera mappings using v78e unresolved checklist."
"2026-07-28","v78g","Server raw camera mapping evidence search","PASS_SEARCH_COMPLETED","/work/pig/datasets + ~/PigBench raw/non-output files","/home/oyavuz/PigBench/Full_Unibo_Behaviour_Pipeline/outputs/v78g_server_raw_camera_mapping_search/Full_Unibo_Server_Raw_Camera_Mapping_Search","0","3","Review raw mapping evidence and possible layout files; update v78f only with reliable confirmed mapping."
"2026-07-28","v78i","Visual stream grouping audit","PASS_REMODEL_MAPPING_NEEDED","Unibo videos + manual visual observations","/home/oyavuz/PigBench/Full_Unibo_Behaviour_Pipeline/outputs/v78i_visual_stream_grouping_audit/Full_Unibo_Visual_Stream_Grouping_Audit","0","0","Build v78j time-aware visual-stream resolver; do not force fixed TLC→c-code mapping."
"2026-07-28","v78j","Time-aware visual stream resolver template","PASS_READY_FOR_MANUAL_RESOLUTION","v78c targets + v78i visual stream groups","/home/oyavuz/PigBench/Full_Unibo_Behaviour_Pipeline/outputs/v78j_time_aware_visual_stream_resolver/Full_Unibo_Time_Aware_Visual_Stream_Resolver","0","0","Manually fill v78j_MANUAL_FILL_visual_stream_resolution.csv, then run v78k validation."
"2026-07-28","v78k0","Excel camera/pen pattern resolver","NEEDS_FIX","Unibo Excel sheets + v78j targets","/home/oyavuz/PigBench/Full_Unibo_Behaviour_Pipeline/outputs/v78k0_excel_camera_pen_pattern_resolver/Full_Unibo_Excel_Camera_Pen_Pattern_Resolver","1","4","Use Excel pattern for camera/pen association; separately handle missing spatial ROI if required."
"2026-07-28","v78k2","Tracking readiness resolver","CLASSIFIED_NOT_FULL_READY","v78k1 resolved targets + v78i visual observations","/home/oyavuz/PigBench/Full_Unibo_Behaviour_Pipeline/outputs/v78k2_tracking_readiness_resolver/Full_Unibo_Tracking_Readiness_Resolver","0","0","Resolve TLC-to-c-code video mapping and frame-level pen ROI before full pen-level tracking."
"2026-07-28","v78k3","TLC-to-c-code mapping resolver","MATRIX_CREATED_UNRESOLVED_REMAIN","v78k1 targets + v78k2 readiness + v78i visual observations","/home/oyavuz/PigBench/Full_Unibo_Behaviour_Pipeline/outputs/v78k3_tlc_to_c_code_mapping_resolver/Full_Unibo_TLC_to_CCode_Mapping_Resolver","0","0","Review unresolved TLC2-TLC6 mapping evidence or obtain external camera layout confirmation."
"2026-07-28","v78k4","Annotation source-of-truth rebuild","PASS","Raw Unibo Excel annotation files","/home/oyavuz/PigBench/Full_Unibo_Behaviour_Pipeline/outputs/v78k4_annotation_source_of_truth_rebuild/Full_Unibo_Annotation_Source_of_Truth_Rebuild","0","0","Use sheet-level annotation truth before any video c-code or ROI mapping."
"2026-07-29","v78k5","Frozen annotation truth table","PASS","v78k4 joined annotation truth","/home/oyavuz/PigBench/Full_Unibo_Behaviour_Pipeline/outputs/v78k5_frozen_annotation_truth_table/Full_Unibo_Frozen_Annotation_Truth_Table","0","0","Use frozen annotation truth table as source-of-truth; handle video mapping separately."
"2026-07-29","v78k5b","Corrected full frozen annotation truth table","PASS","full v77c annotation windows + v78k4 sheet truth","/home/oyavuz/PigBench/Full_Unibo_Behaviour_Pipeline/outputs/v78k5b_corrected_full_frozen_annotation_truth_table/Full_Unibo_Corrected_Full_Frozen_Annotation_Truth_Table","0","0","Use v78k5b as annotation source-of-truth; v78k5 is superseded."
"2026-07-29","v78k6","Video mapping evidence table","PASS","v78k5b frozen annotation truth + raw Unibo videos","/home/oyavuz/PigBench/Full_Unibo_Behaviour_Pipeline/outputs/v78k6_video_mapping_evidence_table/Full_Unibo_Video_Mapping_Evidence_Table","0","2","Use evidence matrix to resolve TLC-to-c-code mapping or document unresolved mappings."
"2026-07-31","v78k7","Overlay-based video identity mapping","PASS","raw Unibo videos","/home/oyavuz/PigBench/Full_Unibo_Behaviour_Pipeline/outputs/v78k7_overlay_based_video_identity_mapping/Full_Unibo_Overlay_Based_Video_Identity_Mapping","0","1","Use overlay crop board/manual template to confirm or correct video identity mappings."
