"date","camera","pen","video_camera_code","candidate_video_camera_codes","unresolved_windows","candidate_video_examples","visual_contact_sheet","manual_instruction"
"2021-07-22","TLC1","B3","c0002","c0000;c0001;c0002;c0003;c0100;c0101","159","c0000210722090000.mp4;c0001210722070000.mp4;c0002210722065004.mp4;c0003210722065004.mp4;c0100210722065000.mp4;c0101210722065000.mp4","/home/oyavuz/PigBench/Full_Unibo_Behaviour_Pipeline/outputs/v78c_camera_code_mapping_resolver/Full_Unibo_Camera_Code_Mapping_Resolver/visual_camera_code_atlas/2021-07-22__TLC1__B3__contact_sheet.jpg","Inspect contact sheet, choose one video_camera_code, then save filled table as Full_Unibo_Behaviour_Pipeline/config/camera_code_mapping.csv"
"2021-07-22","TLC1","big","c0002","c0000;c0001;c0002;c0003;c0100;c0101","438","c0000210722090000.mp4;c0001210722070000.mp4;c0002210722065004.mp4;c0003210722065004.mp4;c0100210722065000.mp4;c0101210722065000.mp4","/home/oyavuz/PigBench/Full_Unibo_Behaviour_Pipeline/outputs/v78c_camera_code_mapping_resolver/Full_Unibo_Camera_Code_Mapping_Resolver/visual_camera_code_atlas/2021-07-22__TLC1__big__contact_sheet.jpg","Inspect contact sheet, choose one video_camera_code, then save filled table as Full_Unibo_Behaviour_Pipeline/config/camera_code_mapping.csv"
"2021-07-22","TLC2","B4","","c0000;c0001;c0002;c0003;c0100;c0101","354","c0000210722090000.mp4;c0001210722070000.mp4;c0002210722065004.mp4;c0003210722065004.mp4;c0100210722065000.mp4;c0101210722065000.mp4","/home/oyavuz/PigBench/Full_Unibo_Behaviour_Pipeline/outputs/v78c_camera_code_mapping_resolver/Full_Unibo_Camera_Code_Mapping_Resolver/visual_camera_code_atlas/2021-07-22__TLC2__B4__contact_sheet.jpg","Inspect contact sheet, choose one video_camera_code, then save filled table as Full_Unibo_Behaviour_Pipeline/config/camera_code_mapping.csv"
"2021-07-22","TLC2","B6","","c0000;c0001;c0002;c0003;c0100;c0101","198","c0000210722090000.mp4;c0001210722070000.mp4;c0002210722065004.mp4;c0003210722065004.mp4;c0100210722065000.mp4;c0101210722065000.mp4","/home/oyavuz/PigBench/Full_Unibo_Behaviour_Pipeline/outputs/v78c_camera_code_mapping_resolver/Full_Unibo_Camera_Code_Mapping_Resolver/visual_camera_code_atlas/2021-07-22__TLC2__B6__contact_sheet.jpg","Inspect contact sheet, choose one video_camera_code, then save filled table as Full_Unibo_Behaviour_Pipeline/config/camera_code_mapping.csv"
"2021-07-22","TLC3","C1","","c0000;c0001;c0002;c0003;c0100;c0101","438","c0000210722090000.mp4;c0001210722070000.mp4;c0002210722065004.mp4;c0003210722065004.mp4;c0100210722065000.mp4;c0101210722065000.mp4","/home/oyavuz/PigBench/Full_Unibo_Behaviour_Pipeline/outputs/v78c_camera_code_mapping_resolver/Full_Unibo_Camera_Code_Mapping_Resolver/visual_camera_code_atlas/2021-07-22__TLC3__C1__contact_sheet.jpg","Inspect contact sheet, choose one video_camera_code, then save filled table as Full_Unibo_Behaviour_Pipeline/config/camera_code_mapping.csv"
"2021-07-22","TLC3","C3","","c0001;c0002;c0003;c0100;c0101","57","c0001210722070000.mp4;c0002210722065004.mp4;c0003210722065004.mp4;c0100210722065000.mp4;c0101210722065000.mp4","/home/oyavuz/PigBench/Full_Unibo_Behaviour_Pipeline/outputs/v78c_camera_code_mapping_resolver/Full_Unibo_Camera_Code_Mapping_Resolver/visual_camera_code_atlas/2021-07-22__TLC3__C3__contact_sheet.jpg","Inspect contact sheet, choose one video_camera_code, then save filled table as Full_Unibo_Behaviour_Pipeline/config/camera_code_mapping.csv"
"2021-07-22","TLC4","C4","","c0000;c0001;c0002;c0003;c0100;c0101","396","c0000210722090000.mp4;c0001210722070000.mp4;c0002210722065004.mp4;c0003210722065004.mp4;c0100210722065000.mp4;c0101210722065000.mp4","/home/oyavuz/PigBench/Full_Unibo_Behaviour_Pipeline/outputs/v78c_camera_code_mapping_resolver/Full_Unibo_Camera_Code_Mapping_Resolver/visual_camera_code_atlas/2021-07-22__TLC4__C4__contact_sheet.jpg","Inspect contact sheet, choose one video_camera_code, then save filled table as Full_Unibo_Behaviour_Pipeline/config/camera_code_mapping.csv"
"2021-07-22","TLC4","C6","","c0000;c0001;c0002;c0003;c0100;c0101","406","c0000210722090000.mp4;c0001210722070000.mp4;c0002210722065004.mp4;c0003210722065004.mp4;c0100210722065000.mp4;c0101210722065000.mp4","/home/oyavuz/PigBench/Full_Unibo_Behaviour_Pipeline/outputs/v78c_camera_code_mapping_resolver/Full_Unibo_Camera_Code_Mapping_Resolver/visual_camera_code_atlas/2021-07-22__TLC4__C6__contact_sheet.jpg","Inspect contact sheet, choose one video_camera_code, then save filled table as Full_Unibo_Behaviour_Pipeline/config/camera_code_mapping.csv"
"2021-07-22","TLC5","M1","","c0000;c0001;c0002;c0003;c0100;c0101","423","c0000210722090000.mp4;c0001210722070000.mp4;c0002210722065004.mp4;c0003210722065004.mp4;c0100210722065000.mp4;c0101210722065000.mp4","/home/oyavuz/PigBench/Full_Unibo_Behaviour_Pipeline/outputs/v78c_camera_code_mapping_resolver/Full_Unibo_Camera_Code_Mapping_Resolver/visual_camera_code_atlas/2021-07-22__TLC5__M1__contact_sheet.jpg","Inspect contact sheet, choose one video_camera_code, then save filled table as Full_Unibo_Behaviour_Pipeline/config/camera_code_mapping.csv"
"2021-07-22","TLC5","M2","","c0000;c0001;c0002;c0003;c0100;c0101","420","c0000210722090000.mp4;c0001210722070000.mp4;c0002210722065004.mp4;c0003210722065004.mp4;c0100210722065000.mp4;c0101210722065000.mp4","/home/oyavuz/PigBench/Full_Unibo_Behaviour_Pipeline/outputs/v78c_camera_code_mapping_resolver/Full_Unibo_Camera_Code_Mapping_Resolver/visual_camera_code_atlas/2021-07-22__TLC5__M2__contact_sheet.jpg","Inspect contact sheet, choose one video_camera_code, then save filled table as Full_Unibo_Behaviour_Pipeline/config/camera_code_mapping.csv"
"2021-07-22","TLC6","M3","","c0000;c0001;c0002;c0003;c0100;c0101","397","c0000210722090000.mp4;c0001210722070000.mp4;c0002210722065004.mp4;c0003210722065004.mp4;c0100210722065000.mp4;c0101210722065000.mp4","/home/oyavuz/PigBench/Full_Unibo_Behaviour_Pipeline/outputs/v78c_camera_code_mapping_resolver/Full_Unibo_Camera_Code_Mapping_Resolver/visual_camera_code_atlas/2021-07-22__TLC6__M3__contact_sheet.jpg","Inspect contact sheet, choose one video_camera_code, then save filled table as Full_Unibo_Behaviour_Pipeline/config/camera_code_mapping.csv"
"2021-07-22","TLC6","M4","","c0000;c0001;c0002;c0003;c0100;c0101","428","c0000210722090000.mp4;c0001210722070000.mp4;c0002210722065004.mp4;c0003210722065004.mp4;c0100210722065000.mp4;c0101210722065000.mp4","/home/oyavuz/PigBench/Full_Unibo_Behaviour_Pipeline/outputs/v78c_camera_code_mapping_resolver/Full_Unibo_Camera_Code_Mapping_Resolver/visual_camera_code_atlas/2021-07-22__TLC6__M4__contact_sheet.jpg","Inspect contact sheet, choose one video_camera_code, then save filled table as Full_Unibo_Behaviour_Pipeline/config/camera_code_mapping.csv"
"2021-08-25","TLC1","big","","","229","","","Inspect contact sheet, choose one video_camera_code, then save filled table as Full_Unibo_Behaviour_Pipeline/config/camera_code_mapping.csv"
"2021-08-25","TLC1","small","","","130","","","Inspect contact sheet, choose one video_camera_code, then save filled table as Full_Unibo_Behaviour_Pipeline/config/camera_code_mapping.csv"
"2021-08-25","TLC2","big","","","438","","","Inspect contact sheet, choose one video_camera_code, then save filled table as Full_Unibo_Behaviour_Pipeline/config/camera_code_mapping.csv"
"2021-08-25","TLC2","small","","","396","","","Inspect contact sheet, choose one video_camera_code, then save filled table as Full_Unibo_Behaviour_Pipeline/config/camera_code_mapping.csv"
"2021-08-25","TLC3","big","","","382","","","Inspect contact sheet, choose one video_camera_code, then save filled table as Full_Unibo_Behaviour_Pipeline/config/camera_code_mapping.csv"
"2021-08-25","TLC3","small","","","428","","","Inspect contact sheet, choose one video_camera_code, then save filled table as Full_Unibo_Behaviour_Pipeline/config/camera_code_mapping.csv"
"2021-08-25","TLC4","big","","","402","","","Inspect contact sheet, choose one video_camera_code, then save filled table as Full_Unibo_Behaviour_Pipeline/config/camera_code_mapping.csv"
"2021-08-25","TLC4","small","","","413","","","Inspect contact sheet, choose one video_camera_code, then save filled table as Full_Unibo_Behaviour_Pipeline/config/camera_code_mapping.csv"
"2021-08-25","TLC5","big","","","393","","","Inspect contact sheet, choose one video_camera_code, then save filled table as Full_Unibo_Behaviour_Pipeline/config/camera_code_mapping.csv"
"2021-08-25","TLC5","small","","","332","","","Inspect contact sheet, choose one video_camera_code, then save filled table as Full_Unibo_Behaviour_Pipeline/config/camera_code_mapping.csv"
"2021-08-25","TLC6","big","","","376","","","Inspect contact sheet, choose one video_camera_code, then save filled table as Full_Unibo_Behaviour_Pipeline/config/camera_code_mapping.csv"
"2021-08-25","TLC6","small","","","438","","","Inspect contact sheet, choose one video_camera_code, then save filled table as Full_Unibo_Behaviour_Pipeline/config/camera_code_mapping.csv"
"2021-09-30","TLC1","big","","","419","","","Inspect contact sheet, choose one video_camera_code, then save filled table as Full_Unibo_Behaviour_Pipeline/config/camera_code_mapping.csv"
"2021-09-30","TLC1","small","","","408","","","Inspect contact sheet, choose one video_camera_code, then save filled table as Full_Unibo_Behaviour_Pipeline/config/camera_code_mapping.csv"
"2021-09-30","TLC2","big","","","275","","","Inspect contact sheet, choose one video_camera_code, then save filled table as Full_Unibo_Behaviour_Pipeline/config/camera_code_mapping.csv"
"2021-09-30","TLC2","small","","","427","","","Inspect contact sheet, choose one video_camera_code, then save filled table as Full_Unibo_Behaviour_Pipeline/config/camera_code_mapping.csv"
"2021-09-30","TLC3","big","","","413","","","Inspect contact sheet, choose one video_camera_code, then save filled table as Full_Unibo_Behaviour_Pipeline/config/camera_code_mapping.csv"
"2021-09-30","TLC3","small","","","413","","","Inspect contact sheet, choose one video_camera_code, then save filled table as Full_Unibo_Behaviour_Pipeline/config/camera_code_mapping.csv"
"2021-09-30","TLC4","big","","","381","","","Inspect contact sheet, choose one video_camera_code, then save filled table as Full_Unibo_Behaviour_Pipeline/config/camera_code_mapping.csv"
"2021-09-30","TLC4","small","","","391","","","Inspect contact sheet, choose one video_camera_code, then save filled table as Full_Unibo_Behaviour_Pipeline/config/camera_code_mapping.csv"
"2021-09-30","TLC5","big","","","410","","","Inspect contact sheet, choose one video_camera_code, then save filled table as Full_Unibo_Behaviour_Pipeline/config/camera_code_mapping.csv"
"2021-09-30","TLC5","small","","","406","","","Inspect contact sheet, choose one video_camera_code, then save filled table as Full_Unibo_Behaviour_Pipeline/config/camera_code_mapping.csv"
"2021-09-30","TLC6","big","","","416","","","Inspect contact sheet, choose one video_camera_code, then save filled table as Full_Unibo_Behaviour_Pipeline/config/camera_code_mapping.csv"
"2021-09-30","TLC6","small","","","343","","","Inspect contact sheet, choose one video_camera_code, then save filled table as Full_Unibo_Behaviour_Pipeline/config/camera_code_mapping.csv"
"2021-12-01","TLC1","small","","","245","","","Inspect contact sheet, choose one video_camera_code, then save filled table as Full_Unibo_Behaviour_Pipeline/config/camera_code_mapping.csv"
"2021-12-01","TLC2","small","","","425","","","Inspect contact sheet, choose one video_camera_code, then save filled table as Full_Unibo_Behaviour_Pipeline/config/camera_code_mapping.csv"
"2021-12-01","TLC3","small","","","354","","","Inspect contact sheet, choose one video_camera_code, then save filled table as Full_Unibo_Behaviour_Pipeline/config/camera_code_mapping.csv"
"2021-12-01","TLC4","small","","","307","","","Inspect contact sheet, choose one video_camera_code, then save filled table as Full_Unibo_Behaviour_Pipeline/config/camera_code_mapping.csv"
"2021-12-01","TLC5","small","","","354","","","Inspect contact sheet, choose one video_camera_code, then save filled table as Full_Unibo_Behaviour_Pipeline/config/camera_code_mapping.csv"
"2021-12-01","TLC6","small","","","438","","","Inspect contact sheet, choose one video_camera_code, then save filled table as Full_Unibo_Behaviour_Pipeline/config/camera_code_mapping.csv"
