"video_id","video_index","video_filename","video_path","video_type","filename_c_code","filename_date","filename_start_time","filename_start_hour","filename_tlc_camera_suggestion","filename_room_pen_suggestion","overlay_crop_path","full_frame_path","manual_tlc_camera","manual_room_pen","manual_overlay_text","manual_review_status","manual_confidence","manual_note","reviewed_at"
"vid_008","0","c0000210722090000.mp4","/work/pig/datasets/Unibo/c0000210722090000.mp4","encoded_c_code","c0000","2021-07-22","09:00:00","09:00","","C210722090000","/home/oyavuz/PigBench/Full_Unibo_Behaviour_Pipeline/outputs/v78k8_full_video_manual_overlay_mapping/Full_Unibo_Full_Video_Manual_Overlay_Mapping/overlay_crops/0008_c0000210722090000_overlay_crop.jpg","/home/oyavuz/PigBench/Full_Unibo_Behaviour_Pipeline/outputs/v78k8_full_video_manual_overlay_mapping/Full_Unibo_Full_Video_Manual_Overlay_Mapping/full_frames/0008_c0000210722090000_frame.jpg","TLC1","B1","Tlc 1 - B1","RESOLVED","high","","2026-07-31T15:55:19"
"vid_009","1","c0000210722150000.mp4","/work/pig/datasets/Unibo/c0000210722150000.mp4","encoded_c_code","c0000","2021-07-22","15:00:00","15:00","","C210722150000","/home/oyavuz/PigBench/Full_Unibo_Behaviour_Pipeline/outputs/v78k8_full_video_manual_overlay_mapping/Full_Unibo_Full_Video_Manual_Overlay_Mapping/overlay_crops/0009_c0000210722150000_overlay_crop.jpg","/home/oyavuz/PigBench/Full_Unibo_Behaviour_Pipeline/outputs/v78k8_full_video_manual_overlay_mapping/Full_Unibo_Full_Video_Manual_Overlay_Mapping/full_frames/0009_c0000210722150000_frame.jpg","TLC1","B1","Tlc 1 - B1","RESOLVED","high","","2026-07-31T15:56:30"
"vid_010","2","c0000210722160000.mp4","/work/pig/datasets/Unibo/c0000210722160000.mp4","encoded_c_code","c0000","2021-07-22","16:00:00","16:00","","C210722160000","/home/oyavuz/PigBench/Full_Unibo_Behaviour_Pipeline/outputs/v78k8_full_video_manual_overlay_mapping/Full_Unibo_Full_Video_Manual_Overlay_Mapping/overlay_crops/0010_c0000210722160000_overlay_crop.jpg","/home/oyavuz/PigBench/Full_Unibo_Behaviour_Pipeline/outputs/v78k8_full_video_manual_overlay_mapping/Full_Unibo_Full_Video_Manual_Overlay_Mapping/full_frames/0010_c0000210722160000_frame.jpg","TLC1","B1","Tlc 1 - B1","RESOLVED","high","","2026-07-31T15:56:12"
"vid_011","3","c0000210722170000.mp4","/work/pig/datasets/Unibo/c0000210722170000.mp4","encoded_c_code","c0000","2021-07-22","17:00:00","17:00","","C210722170000","/home/oyavuz/PigBench/Full_Unibo_Behaviour_Pipeline/outputs/v78k8_full_video_manual_overlay_mapping/Full_Unibo_Full_Video_Manual_Overlay_Mapping/overlay_crops/0011_c0000210722170000_overlay_crop.jpg","/home/oyavuz/PigBench/Full_Unibo_Behaviour_Pipeline/outputs/v78k8_full_video_manual_overlay_mapping/Full_Unibo_Full_Video_Manual_Overlay_Mapping/full_frames/0011_c0000210722170000_frame.jpg","TLC1","B1","Tlc 1 - B1","RESOLVED","high","","2026-07-31T15:57:07"
"vid_012","4","c0000210722180000.mp4","/work/pig/datasets/Unibo/c0000210722180000.mp4","encoded_c_code","c0000","2021-07-22","18:00:00","18:00","","C210722180000","/home/oyavuz/PigBench/Full_Unibo_Behaviour_Pipeline/outputs/v78k8_full_video_manual_overlay_mapping/Full_Unibo_Full_Video_Manual_Overlay_Mapping/overlay_crops/0012_c0000210722180000_overlay_crop.jpg","/home/oyavuz/PigBench/Full_Unibo_Behaviour_Pipeline/outputs/v78k8_full_video_manual_overlay_mapping/Full_Unibo_Full_Video_Manual_Overlay_Mapping/full_frames/0012_c0000210722180000_frame.jpg","TLC1","B1","Tlc 1 - B1","RESOLVED","high","","2026-07-31T15:58:09"
"vid_013","5","c0000210722190000.mp4","/work/pig/datasets/Unibo/c0000210722190000.mp4","encoded_c_code","c0000","2021-07-22","19:00:00","19:00","","C210722190000","/home/oyavuz/PigBench/Full_Unibo_Behaviour_Pipeline/outputs/v78k8_full_video_manual_overlay_mapping/Full_Unibo_Full_Video_Manual_Overlay_Mapping/overlay_crops/0013_c0000210722190000_overlay_crop.jpg","/home/oyavuz/PigBench/Full_Unibo_Behaviour_Pipeline/outputs/v78k8_full_video_manual_overlay_mapping/Full_Unibo_Full_Video_Manual_Overlay_Mapping/full_frames/0013_c0000210722190000_frame.jpg","TLC1","B1","Tlc 1 - B1","RESOLVED","high","","2026-07-31T15:57:28"
"vid_014","6","c0001210722065004.mp4","/work/pig/datasets/Unibo/c0001210722065004.mp4","encoded_c_code","c0001","2021-07-22","06:50:04","06:00","","C1210722065004","/home/oyavuz/PigBench/Full_Unibo_Behaviour_Pipeline/outputs/v78k8_full_video_manual_overlay_mapping/Full_Unibo_Full_Video_Manual_Overlay_Mapping/overlay_crops/0014_c0001210722065004_overlay_crop.jpg","/home/oyavuz/PigBench/Full_Unibo_Behaviour_Pipeline/outputs/v78k8_full_video_manual_overlay_mapping/Full_Unibo_Full_Video_Manual_Overlay_Mapping/full_frames/0014_c0001210722065004_frame.jpg","TLC2","B6","Tlc 2 - B6","RESOLVED","high","","2026-07-31T15:57:43"
"vid_015","7","c0001210722070000.mp4","/work/pig/datasets/Unibo/c0001210722070000.mp4","encoded_c_code","c0001","2021-07-22","07:00:00","07:00","","C1210722070000","/home/oyavuz/PigBench/Full_Unibo_Behaviour_Pipeline/outputs/v78k8_full_video_manual_overlay_mapping/Full_Unibo_Full_Video_Manual_Overlay_Mapping/overlay_crops/0015_c0001210722070000_overlay_crop.jpg","/home/oyavuz/PigBench/Full_Unibo_Behaviour_Pipeline/outputs/v78k8_full_video_manual_overlay_mapping/Full_Unibo_Full_Video_Manual_Overlay_Mapping/full_frames/0015_c0001210722070000_frame.jpg","TLC2","B6","Tlc 2 - B6","RESOLVED","high","","2026-07-31T15:58:01"
"vid_016","8","c0001210722080000.mp4","/work/pig/datasets/Unibo/c0001210722080000.mp4","encoded_c_code","c0001","2021-07-22","08:00:00","08:00","","C1210722080000","/home/oyavuz/PigBench/Full_Unibo_Behaviour_Pipeline/outputs/v78k8_full_video_manual_overlay_mapping/Full_Unibo_Full_Video_Manual_Overlay_Mapping/overlay_crops/0016_c0001210722080000_overlay_crop.jpg","/home/oyavuz/PigBench/Full_Unibo_Behaviour_Pipeline/outputs/v78k8_full_video_manual_overlay_mapping/Full_Unibo_Full_Video_Manual_Overlay_Mapping/full_frames/0016_c0001210722080000_frame.jpg","TLC2","B6","Tlc 2 - B6","RESOLVED","high","","2026-07-31T15:58:26"
"vid_017","9","c0001210722090000.mp4","/work/pig/datasets/Unibo/c0001210722090000.mp4","encoded_c_code","c0001","2021-07-22","09:00:00","09:00","","C1210722090000","/home/oyavuz/PigBench/Full_Unibo_Behaviour_Pipeline/outputs/v78k8_full_video_manual_overlay_mapping/Full_Unibo_Full_Video_Manual_Overlay_Mapping/overlay_crops/0017_c0001210722090000_overlay_crop.jpg","/home/oyavuz/PigBench/Full_Unibo_Behaviour_Pipeline/outputs/v78k8_full_video_manual_overlay_mapping/Full_Unibo_Full_Video_Manual_Overlay_Mapping/full_frames/0017_c0001210722090000_frame.jpg","TLC2","B6","Tlc 2 - B6","RESOLVED","high","","2026-07-31T15:58:36"
"vid_018","10","c0001210722100000.mp4","/work/pig/datasets/Unibo/c0001210722100000.mp4","encoded_c_code","c0001","2021-07-22","10:00:00","10:00","","C1210722100000","/home/oyavuz/PigBench/Full_Unibo_Behaviour_Pipeline/outputs/v78k8_full_video_manual_overlay_mapping/Full_Unibo_Full_Video_Manual_Overlay_Mapping/overlay_crops/0018_c0001210722100000_overlay_crop.jpg","/home/oyavuz/PigBench/Full_Unibo_Behaviour_Pipeline/outputs/v78k8_full_video_manual_overlay_mapping/Full_Unibo_Full_Video_Manual_Overlay_Mapping/full_frames/0018_c0001210722100000_frame.jpg","TLC2","B6","Tlc 2 - B6","RESOLVED","high","","2026-07-31T15:58:45"
"vid_019","11","c0001210722110000.mp4","/work/pig/datasets/Unibo/c0001210722110000.mp4","encoded_c_code","c0001","2021-07-22","11:00:00","11:00","","C1210722110000","/home/oyavuz/PigBench/Full_Unibo_Behaviour_Pipeline/outputs/v78k8_full_video_manual_overlay_mapping/Full_Unibo_Full_Video_Manual_Overlay_Mapping/overlay_crops/0019_c0001210722110000_overlay_crop.jpg","/home/oyavuz/PigBench/Full_Unibo_Behaviour_Pipeline/outputs/v78k8_full_video_manual_overlay_mapping/Full_Unibo_Full_Video_Manual_Overlay_Mapping/full_frames/0019_c0001210722110000_frame.jpg","TLC2","B6","Tlc 2 - B6","RESOLVED","high","","2026-07-31T15:58:56"
"vid_020","12","c0001210722120000.mp4","/work/pig/datasets/Unibo/c0001210722120000.mp4","encoded_c_code","c0001","2021-07-22","12:00:00","12:00","","C1210722120000","/home/oyavuz/PigBench/Full_Unibo_Behaviour_Pipeline/outputs/v78k8_full_video_manual_overlay_mapping/Full_Unibo_Full_Video_Manual_Overlay_Mapping/overlay_crops/0020_c0001210722120000_overlay_crop.jpg","/home/oyavuz/PigBench/Full_Unibo_Behaviour_Pipeline/outputs/v78k8_full_video_manual_overlay_mapping/Full_Unibo_Full_Video_Manual_Overlay_Mapping/full_frames/0020_c0001210722120000_frame.jpg","TLC2","B6","Tlc 2 - B6","RESOLVED","high","","2026-07-31T15:59:06"
"vid_021","13","c0001210722130000.mp4","/work/pig/datasets/Unibo/c0001210722130000.mp4","encoded_c_code","c0001","2021-07-22","13:00:00","13:00","","C1210722130000","/home/oyavuz/PigBench/Full_Unibo_Behaviour_Pipeline/outputs/v78k8_full_video_manual_overlay_mapping/Full_Unibo_Full_Video_Manual_Overlay_Mapping/overlay_crops/0021_c0001210722130000_overlay_crop.jpg","/home/oyavuz/PigBench/Full_Unibo_Behaviour_Pipeline/outputs/v78k8_full_video_manual_overlay_mapping/Full_Unibo_Full_Video_Manual_Overlay_Mapping/full_frames/0021_c0001210722130000_frame.jpg","TLC2","B6","Tlc 2 - B6","RESOLVED","high","","2026-07-31T15:59:16"
"vid_022","14","c0001210722140000.mp4","/work/pig/datasets/Unibo/c0001210722140000.mp4","encoded_c_code","c0001","2021-07-22","14:00:00","14:00","","C1210722140000","/home/oyavuz/PigBench/Full_Unibo_Behaviour_Pipeline/outputs/v78k8_full_video_manual_overlay_mapping/Full_Unibo_Full_Video_Manual_Overlay_Mapping/overlay_crops/0022_c0001210722140000_overlay_crop.jpg","/home/oyavuz/PigBench/Full_Unibo_Behaviour_Pipeline/outputs/v78k8_full_video_manual_overlay_mapping/Full_Unibo_Full_Video_Manual_Overlay_Mapping/full_frames/0022_c0001210722140000_frame.jpg","TLC2","B6","Tlc 2 - B6","RESOLVED","high","","2026-07-31T15:59:35"
"vid_023","15","c0001210722150000.mp4","/work/pig/datasets/Unibo/c0001210722150000.mp4","encoded_c_code","c0001","2021-07-22","15:00:00","15:00","","C1210722150000","/home/oyavuz/PigBench/Full_Unibo_Behaviour_Pipeline/outputs/v78k8_full_video_manual_overlay_mapping/Full_Unibo_Full_Video_Manual_Overlay_Mapping/overlay_crops/0023_c0001210722150000_overlay_crop.jpg","/home/oyavuz/PigBench/Full_Unibo_Behaviour_Pipeline/outputs/v78k8_full_video_manual_overlay_mapping/Full_Unibo_Full_Video_Manual_Overlay_Mapping/full_frames/0023_c0001210722150000_frame.jpg","TLC2","B6","Tlc 2 - B6","RESOLVED","high","","2026-07-31T15:59:44"
"vid_024","16","c0001210722160000.mp4","/work/pig/datasets/Unibo/c0001210722160000.mp4","encoded_c_code","c0001","2021-07-22","16:00:00","16:00","","C1210722160000","/home/oyavuz/PigBench/Full_Unibo_Behaviour_Pipeline/outputs/v78k8_full_video_manual_overlay_mapping/Full_Unibo_Full_Video_Manual_Overlay_Mapping/overlay_crops/0024_c0001210722160000_overlay_crop.jpg","/home/oyavuz/PigBench/Full_Unibo_Behaviour_Pipeline/outputs/v78k8_full_video_manual_overlay_mapping/Full_Unibo_Full_Video_Manual_Overlay_Mapping/full_frames/0024_c0001210722160000_frame.jpg","TLC2","B6","Tlc 2 - B6","RESOLVED","high","","2026-07-31T15:59:53"
"vid_025","17","c0001210722170000.mp4","/work/pig/datasets/Unibo/c0001210722170000.mp4","encoded_c_code","c0001","2021-07-22","17:00:00","17:00","","C1210722170000","/home/oyavuz/PigBench/Full_Unibo_Behaviour_Pipeline/outputs/v78k8_full_video_manual_overlay_mapping/Full_Unibo_Full_Video_Manual_Overlay_Mapping/overlay_crops/0025_c0001210722170000_overlay_crop.jpg","/home/oyavuz/PigBench/Full_Unibo_Behaviour_Pipeline/outputs/v78k8_full_video_manual_overlay_mapping/Full_Unibo_Full_Video_Manual_Overlay_Mapping/full_frames/0025_c0001210722170000_frame.jpg","TLC2","B6","Tlc 2 - B6","RESOLVED","high","","2026-07-31T16:00:03"
"vid_026","18","c0001210722180000.mp4","/work/pig/datasets/Unibo/c0001210722180000.mp4","encoded_c_code","c0001","2021-07-22","18:00:00","18:00","","C1210722180000","/home/oyavuz/PigBench/Full_Unibo_Behaviour_Pipeline/outputs/v78k8_full_video_manual_overlay_mapping/Full_Unibo_Full_Video_Manual_Overlay_Mapping/overlay_crops/0026_c0001210722180000_overlay_crop.jpg","/home/oyavuz/PigBench/Full_Unibo_Behaviour_Pipeline/outputs/v78k8_full_video_manual_overlay_mapping/Full_Unibo_Full_Video_Manual_Overlay_Mapping/full_frames/0026_c0001210722180000_frame.jpg","TLC2","B6","Tlc 2 - B6","RESOLVED","high","","2026-07-31T16:00:12"
"vid_027","19","c0001210722190000.mp4","/work/pig/datasets/Unibo/c0001210722190000.mp4","encoded_c_code","c0001","2021-07-22","19:00:00","19:00","","C1210722190000","/home/oyavuz/PigBench/Full_Unibo_Behaviour_Pipeline/outputs/v78k8_full_video_manual_overlay_mapping/Full_Unibo_Full_Video_Manual_Overlay_Mapping/overlay_crops/0027_c0001210722190000_overlay_crop.jpg","/home/oyavuz/PigBench/Full_Unibo_Behaviour_Pipeline/outputs/v78k8_full_video_manual_overlay_mapping/Full_Unibo_Full_Video_Manual_Overlay_Mapping/full_frames/0027_c0001210722190000_frame.jpg","TLC2","B6","Tlc 2 - B6","RESOLVED","high","","2026-07-31T16:00:21"
"vid_028","20","c0002210722065004.mp4","/work/pig/datasets/Unibo/c0002210722065004.mp4","encoded_c_code","c0002","2021-07-22","06:50:04","06:00","","C2210722065004","/home/oyavuz/PigBench/Full_Unibo_Behaviour_Pipeline/outputs/v78k8_full_video_manual_overlay_mapping/Full_Unibo_Full_Video_Manual_Overlay_Mapping/overlay_crops/0028_c0002210722065004_overlay_crop.jpg","/home/oyavuz/PigBench/Full_Unibo_Behaviour_Pipeline/outputs/v78k8_full_video_manual_overlay_mapping/Full_Unibo_Full_Video_Manual_Overlay_Mapping/full_frames/0028_c0002210722065004_frame.jpg","TLC3","C1","Tlc 3 - C1","RESOLVED","high","","2026-07-31T16:00:38"
"vid_029","21","c0002210722070000.mp4","/work/pig/datasets/Unibo/c0002210722070000.mp4","encoded_c_code","c0002","2021-07-22","07:00:00","07:00","","C2210722070000","/home/oyavuz/PigBench/Full_Unibo_Behaviour_Pipeline/outputs/v78k8_full_video_manual_overlay_mapping/Full_Unibo_Full_Video_Manual_Overlay_Mapping/overlay_crops/0029_c0002210722070000_overlay_crop.jpg","/home/oyavuz/PigBench/Full_Unibo_Behaviour_Pipeline/outputs/v78k8_full_video_manual_overlay_mapping/Full_Unibo_Full_Video_Manual_Overlay_Mapping/full_frames/0029_c0002210722070000_frame.jpg","TLC3","C1","Tlc 3 - C1","RESOLVED","high","","2026-07-31T16:00:47"
"vid_030","22","c0002210722080000.mp4","/work/pig/datasets/Unibo/c0002210722080000.mp4","encoded_c_code","c0002","2021-07-22","08:00:00","08:00","","C2210722080000","/home/oyavuz/PigBench/Full_Unibo_Behaviour_Pipeline/outputs/v78k8_full_video_manual_overlay_mapping/Full_Unibo_Full_Video_Manual_Overlay_Mapping/overlay_crops/0030_c0002210722080000_overlay_crop.jpg","/home/oyavuz/PigBench/Full_Unibo_Behaviour_Pipeline/outputs/v78k8_full_video_manual_overlay_mapping/Full_Unibo_Full_Video_Manual_Overlay_Mapping/full_frames/0030_c0002210722080000_frame.jpg","TLC3","C1","Tlc 3 - C1","RESOLVED","high","","2026-07-31T16:00:56"
"vid_031","23","c0002210722090000.mp4","/work/pig/datasets/Unibo/c0002210722090000.mp4","encoded_c_code","c0002","2021-07-22","09:00:00","09:00","","C2210722090000","/home/oyavuz/PigBench/Full_Unibo_Behaviour_Pipeline/outputs/v78k8_full_video_manual_overlay_mapping/Full_Unibo_Full_Video_Manual_Overlay_Mapping/overlay_crops/0031_c0002210722090000_overlay_crop.jpg","/home/oyavuz/PigBench/Full_Unibo_Behaviour_Pipeline/outputs/v78k8_full_video_manual_overlay_mapping/Full_Unibo_Full_Video_Manual_Overlay_Mapping/full_frames/0031_c0002210722090000_frame.jpg","TLC3","C1","Tlc 3 - C1","RESOLVED","high","","2026-07-31T16:01:05"
"vid_032","24","c0002210722100000.mp4","/work/pig/datasets/Unibo/c0002210722100000.mp4","encoded_c_code","c0002","2021-07-22","10:00:00","10:00","","C2210722100000","/home/oyavuz/PigBench/Full_Unibo_Behaviour_Pipeline/outputs/v78k8_full_video_manual_overlay_mapping/Full_Unibo_Full_Video_Manual_Overlay_Mapping/overlay_crops/0032_c0002210722100000_overlay_crop.jpg","/home/oyavuz/PigBench/Full_Unibo_Behaviour_Pipeline/outputs/v78k8_full_video_manual_overlay_mapping/Full_Unibo_Full_Video_Manual_Overlay_Mapping/full_frames/0032_c0002210722100000_frame.jpg","TLC3","C1","Tlc 3 - C1","RESOLVED","high","","2026-07-31T16:01:13"
"vid_033","25","c0002210722110000.mp4","/work/pig/datasets/Unibo/c0002210722110000.mp4","encoded_c_code","c0002","2021-07-22","11:00:00","11:00","","C2210722110000","/home/oyavuz/PigBench/Full_Unibo_Behaviour_Pipeline/outputs/v78k8_full_video_manual_overlay_mapping/Full_Unibo_Full_Video_Manual_Overlay_Mapping/overlay_crops/0033_c0002210722110000_overlay_crop.jpg","/home/oyavuz/PigBench/Full_Unibo_Behaviour_Pipeline/outputs/v78k8_full_video_manual_overlay_mapping/Full_Unibo_Full_Video_Manual_Overlay_Mapping/full_frames/0033_c0002210722110000_frame.jpg","TLC3","C1","Tlc 3 - C1","RESOLVED","high","","2026-07-31T16:01:22"
"vid_034","26","c0002210722120000.mp4","/work/pig/datasets/Unibo/c0002210722120000.mp4","encoded_c_code","c0002","2021-07-22","12:00:00","12:00","","C2210722120000","/home/oyavuz/PigBench/Full_Unibo_Behaviour_Pipeline/outputs/v78k8_full_video_manual_overlay_mapping/Full_Unibo_Full_Video_Manual_Overlay_Mapping/overlay_crops/0034_c0002210722120000_overlay_crop.jpg","/home/oyavuz/PigBench/Full_Unibo_Behaviour_Pipeline/outputs/v78k8_full_video_manual_overlay_mapping/Full_Unibo_Full_Video_Manual_Overlay_Mapping/full_frames/0034_c0002210722120000_frame.jpg","TLC3","C1","Tlc 3 - C1","RESOLVED","high","","2026-07-31T16:01:31"
"vid_035","27","c0002210722130000.mp4","/work/pig/datasets/Unibo/c0002210722130000.mp4","encoded_c_code","c0002","2021-07-22","13:00:00","13:00","","C2210722130000","/home/oyavuz/PigBench/Full_Unibo_Behaviour_Pipeline/outputs/v78k8_full_video_manual_overlay_mapping/Full_Unibo_Full_Video_Manual_Overlay_Mapping/overlay_crops/0035_c0002210722130000_overlay_crop.jpg","/home/oyavuz/PigBench/Full_Unibo_Behaviour_Pipeline/outputs/v78k8_full_video_manual_overlay_mapping/Full_Unibo_Full_Video_Manual_Overlay_Mapping/full_frames/0035_c0002210722130000_frame.jpg","TLC3","C1","Tlc 3 - C1","RESOLVED","high","","2026-07-31T16:01:41"
"vid_036","28","c0002210722140000.mp4","/work/pig/datasets/Unibo/c0002210722140000.mp4","encoded_c_code","c0002","2021-07-22","14:00:00","14:00","","C2210722140000","/home/oyavuz/PigBench/Full_Unibo_Behaviour_Pipeline/outputs/v78k8_full_video_manual_overlay_mapping/Full_Unibo_Full_Video_Manual_Overlay_Mapping/overlay_crops/0036_c0002210722140000_overlay_crop.jpg","/home/oyavuz/PigBench/Full_Unibo_Behaviour_Pipeline/outputs/v78k8_full_video_manual_overlay_mapping/Full_Unibo_Full_Video_Manual_Overlay_Mapping/full_frames/0036_c0002210722140000_frame.jpg","TLC3","C1","Tlc 3 - C1","RESOLVED","high","","2026-07-31T16:01:50"
"vid_037","29","c0002210722150000.mp4","/work/pig/datasets/Unibo/c0002210722150000.mp4","encoded_c_code","c0002","2021-07-22","15:00:00","15:00","","C2210722150000","/home/oyavuz/PigBench/Full_Unibo_Behaviour_Pipeline/outputs/v78k8_full_video_manual_overlay_mapping/Full_Unibo_Full_Video_Manual_Overlay_Mapping/overlay_crops/0037_c0002210722150000_overlay_crop.jpg","/home/oyavuz/PigBench/Full_Unibo_Behaviour_Pipeline/outputs/v78k8_full_video_manual_overlay_mapping/Full_Unibo_Full_Video_Manual_Overlay_Mapping/full_frames/0037_c0002210722150000_frame.jpg","TLC3","C1","Tlc 3 - C1","RESOLVED","high","","2026-07-31T16:02:01"
"vid_038","30","c0002210722160000.mp4","/work/pig/datasets/Unibo/c0002210722160000.mp4","encoded_c_code","c0002","2021-07-22","16:00:00","16:00","","C2210722160000","/home/oyavuz/PigBench/Full_Unibo_Behaviour_Pipeline/outputs/v78k8_full_video_manual_overlay_mapping/Full_Unibo_Full_Video_Manual_Overlay_Mapping/overlay_crops/0038_c0002210722160000_overlay_crop.jpg","/home/oyavuz/PigBench/Full_Unibo_Behaviour_Pipeline/outputs/v78k8_full_video_manual_overlay_mapping/Full_Unibo_Full_Video_Manual_Overlay_Mapping/full_frames/0038_c0002210722160000_frame.jpg","TLC3","C1","Tlc 3 - C1","RESOLVED","high","","2026-07-31T16:02:09"
"vid_039","31","c0002210722170000.mp4","/work/pig/datasets/Unibo/c0002210722170000.mp4","encoded_c_code","c0002","2021-07-22","17:00:00","17:00","","C2210722170000","/home/oyavuz/PigBench/Full_Unibo_Behaviour_Pipeline/outputs/v78k8_full_video_manual_overlay_mapping/Full_Unibo_Full_Video_Manual_Overlay_Mapping/overlay_crops/0039_c0002210722170000_overlay_crop.jpg","/home/oyavuz/PigBench/Full_Unibo_Behaviour_Pipeline/outputs/v78k8_full_video_manual_overlay_mapping/Full_Unibo_Full_Video_Manual_Overlay_Mapping/full_frames/0039_c0002210722170000_frame.jpg","TLC3","C1","Tlc 3 - C1","RESOLVED","high","","2026-07-31T16:02:18"
"vid_040","32","c0002210722180000.mp4","/work/pig/datasets/Unibo/c0002210722180000.mp4","encoded_c_code","c0002","2021-07-22","18:00:00","18:00","","C2210722180000","/home/oyavuz/PigBench/Full_Unibo_Behaviour_Pipeline/outputs/v78k8_full_video_manual_overlay_mapping/Full_Unibo_Full_Video_Manual_Overlay_Mapping/overlay_crops/0040_c0002210722180000_overlay_crop.jpg","/home/oyavuz/PigBench/Full_Unibo_Behaviour_Pipeline/outputs/v78k8_full_video_manual_overlay_mapping/Full_Unibo_Full_Video_Manual_Overlay_Mapping/full_frames/0040_c0002210722180000_frame.jpg","TLC3","C1","Tlc 3 - C1","RESOLVED","high","","2026-07-31T16:02:27"
"vid_041","33","c0002210722190000.mp4","/work/pig/datasets/Unibo/c0002210722190000.mp4","encoded_c_code","c0002","2021-07-22","19:00:00","19:00","","C2210722190000","/home/oyavuz/PigBench/Full_Unibo_Behaviour_Pipeline/outputs/v78k8_full_video_manual_overlay_mapping/Full_Unibo_Full_Video_Manual_Overlay_Mapping/overlay_crops/0041_c0002210722190000_overlay_crop.jpg","/home/oyavuz/PigBench/Full_Unibo_Behaviour_Pipeline/outputs/v78k8_full_video_manual_overlay_mapping/Full_Unibo_Full_Video_Manual_Overlay_Mapping/full_frames/0041_c0002210722190000_frame.jpg","TLC3","C1","Tlc 3 - C1","RESOLVED","high","","2026-07-31T16:02:36"
"vid_042","34","c0003210722065004.mp4","/work/pig/datasets/Unibo/c0003210722065004.mp4","encoded_c_code","c0003","2021-07-22","06:50:04","06:00","","C3210722065004","/home/oyavuz/PigBench/Full_Unibo_Behaviour_Pipeline/outputs/v78k8_full_video_manual_overlay_mapping/Full_Unibo_Full_Video_Manual_Overlay_Mapping/overlay_crops/0042_c0003210722065004_overlay_crop.jpg","/home/oyavuz/PigBench/Full_Unibo_Behaviour_Pipeline/outputs/v78k8_full_video_manual_overlay_mapping/Full_Unibo_Full_Video_Manual_Overlay_Mapping/full_frames/0042_c0003210722065004_frame.jpg","TLC4","C6","Tlc 4 - C6","RESOLVED","high","","2026-07-31T16:02:55"
"vid_043","35","c0003210722070000.mp4","/work/pig/datasets/Unibo/c0003210722070000.mp4","encoded_c_code","c0003","2021-07-22","07:00:00","07:00","","C3210722070000","/home/oyavuz/PigBench/Full_Unibo_Behaviour_Pipeline/outputs/v78k8_full_video_manual_overlay_mapping/Full_Unibo_Full_Video_Manual_Overlay_Mapping/overlay_crops/0043_c0003210722070000_overlay_crop.jpg","/home/oyavuz/PigBench/Full_Unibo_Behaviour_Pipeline/outputs/v78k8_full_video_manual_overlay_mapping/Full_Unibo_Full_Video_Manual_Overlay_Mapping/full_frames/0043_c0003210722070000_frame.jpg","TLC4","C6","Tlc 4 - C6","RESOLVED","high","","2026-07-31T16:03:04"
"vid_044","36","c0003210722080000.mp4","/work/pig/datasets/Unibo/c0003210722080000.mp4","encoded_c_code","c0003","2021-07-22","08:00:00","08:00","","C3210722080000","/home/oyavuz/PigBench/Full_Unibo_Behaviour_Pipeline/outputs/v78k8_full_video_manual_overlay_mapping/Full_Unibo_Full_Video_Manual_Overlay_Mapping/overlay_crops/0044_c0003210722080000_overlay_crop.jpg","/home/oyavuz/PigBench/Full_Unibo_Behaviour_Pipeline/outputs/v78k8_full_video_manual_overlay_mapping/Full_Unibo_Full_Video_Manual_Overlay_Mapping/full_frames/0044_c0003210722080000_frame.jpg","TLC4","C6","Tlc 4 - C6","RESOLVED","high","","2026-07-31T16:03:14"
"vid_045","37","c0003210722090000.mp4","/work/pig/datasets/Unibo/c0003210722090000.mp4","encoded_c_code","c0003","2021-07-22","09:00:00","09:00","","C3210722090000","/home/oyavuz/PigBench/Full_Unibo_Behaviour_Pipeline/outputs/v78k8_full_video_manual_overlay_mapping/Full_Unibo_Full_Video_Manual_Overlay_Mapping/overlay_crops/0045_c0003210722090000_overlay_crop.jpg","/home/oyavuz/PigBench/Full_Unibo_Behaviour_Pipeline/outputs/v78k8_full_video_manual_overlay_mapping/Full_Unibo_Full_Video_Manual_Overlay_Mapping/full_frames/0045_c0003210722090000_frame.jpg","TLC4","C6","Tlc 4 - C6","RESOLVED","high","","2026-07-31T16:03:24"
"vid_046","38","c0003210722100000.mp4","/work/pig/datasets/Unibo/c0003210722100000.mp4","encoded_c_code","c0003","2021-07-22","10:00:00","10:00","","C3210722100000","/home/oyavuz/PigBench/Full_Unibo_Behaviour_Pipeline/outputs/v78k8_full_video_manual_overlay_mapping/Full_Unibo_Full_Video_Manual_Overlay_Mapping/overlay_crops/0046_c0003210722100000_overlay_crop.jpg","/home/oyavuz/PigBench/Full_Unibo_Behaviour_Pipeline/outputs/v78k8_full_video_manual_overlay_mapping/Full_Unibo_Full_Video_Manual_Overlay_Mapping/full_frames/0046_c0003210722100000_frame.jpg","TLC4","C6","Tlc 4 - C6","RESOLVED","high","","2026-07-31T16:03:33"
"vid_047","39","c0003210722110000.mp4","/work/pig/datasets/Unibo/c0003210722110000.mp4","encoded_c_code","c0003","2021-07-22","11:00:00","11:00","","C3210722110000","/home/oyavuz/PigBench/Full_Unibo_Behaviour_Pipeline/outputs/v78k8_full_video_manual_overlay_mapping/Full_Unibo_Full_Video_Manual_Overlay_Mapping/overlay_crops/0047_c0003210722110000_overlay_crop.jpg","/home/oyavuz/PigBench/Full_Unibo_Behaviour_Pipeline/outputs/v78k8_full_video_manual_overlay_mapping/Full_Unibo_Full_Video_Manual_Overlay_Mapping/full_frames/0047_c0003210722110000_frame.jpg","TLC4","C6","Tlc 4 - C6","RESOLVED","high","","2026-07-31T16:03:41"
"vid_048","40","c0003210722120000.mp4","/work/pig/datasets/Unibo/c0003210722120000.mp4","encoded_c_code","c0003","2021-07-22","12:00:00","12:00","","C3210722120000","/home/oyavuz/PigBench/Full_Unibo_Behaviour_Pipeline/outputs/v78k8_full_video_manual_overlay_mapping/Full_Unibo_Full_Video_Manual_Overlay_Mapping/overlay_crops/0048_c0003210722120000_overlay_crop.jpg","/home/oyavuz/PigBench/Full_Unibo_Behaviour_Pipeline/outputs/v78k8_full_video_manual_overlay_mapping/Full_Unibo_Full_Video_Manual_Overlay_Mapping/full_frames/0048_c0003210722120000_frame.jpg","TLC4","C6","Tlc 4 - C6","RESOLVED","high","","2026-07-31T16:03:51"
"vid_049","41","c0003210722130000.mp4","/work/pig/datasets/Unibo/c0003210722130000.mp4","encoded_c_code","c0003","2021-07-22","13:00:00","13:00","","C3210722130000","/home/oyavuz/PigBench/Full_Unibo_Behaviour_Pipeline/outputs/v78k8_full_video_manual_overlay_mapping/Full_Unibo_Full_Video_Manual_Overlay_Mapping/overlay_crops/0049_c0003210722130000_overlay_crop.jpg","/home/oyavuz/PigBench/Full_Unibo_Behaviour_Pipeline/outputs/v78k8_full_video_manual_overlay_mapping/Full_Unibo_Full_Video_Manual_Overlay_Mapping/full_frames/0049_c0003210722130000_frame.jpg","TLC4","C6","Tlc 4 - C6","RESOLVED","high","","2026-07-31T16:03:59"
"vid_050","42","c0003210722140000.mp4","/work/pig/datasets/Unibo/c0003210722140000.mp4","encoded_c_code","c0003","2021-07-22","14:00:00","14:00","","C3210722140000","/home/oyavuz/PigBench/Full_Unibo_Behaviour_Pipeline/outputs/v78k8_full_video_manual_overlay_mapping/Full_Unibo_Full_Video_Manual_Overlay_Mapping/overlay_crops/0050_c0003210722140000_overlay_crop.jpg","/home/oyavuz/PigBench/Full_Unibo_Behaviour_Pipeline/outputs/v78k8_full_video_manual_overlay_mapping/Full_Unibo_Full_Video_Manual_Overlay_Mapping/full_frames/0050_c0003210722140000_frame.jpg","TLC4","C6","Tlc 4 - C6","RESOLVED","high","","2026-07-31T16:04:09"
"vid_051","43","c0003210722150000.mp4","/work/pig/datasets/Unibo/c0003210722150000.mp4","encoded_c_code","c0003","2021-07-22","15:00:00","15:00","","C3210722150000","/home/oyavuz/PigBench/Full_Unibo_Behaviour_Pipeline/outputs/v78k8_full_video_manual_overlay_mapping/Full_Unibo_Full_Video_Manual_Overlay_Mapping/overlay_crops/0051_c0003210722150000_overlay_crop.jpg","/home/oyavuz/PigBench/Full_Unibo_Behaviour_Pipeline/outputs/v78k8_full_video_manual_overlay_mapping/Full_Unibo_Full_Video_Manual_Overlay_Mapping/full_frames/0051_c0003210722150000_frame.jpg","TLC4","C6","Tlc 4 - C6","RESOLVED","high","","2026-07-31T16:04:19"
"vid_052","44","c0003210722160000.mp4","/work/pig/datasets/Unibo/c0003210722160000.mp4","encoded_c_code","c0003","2021-07-22","16:00:00","16:00","","C3210722160000","/home/oyavuz/PigBench/Full_Unibo_Behaviour_Pipeline/outputs/v78k8_full_video_manual_overlay_mapping/Full_Unibo_Full_Video_Manual_Overlay_Mapping/overlay_crops/0052_c0003210722160000_overlay_crop.jpg","/home/oyavuz/PigBench/Full_Unibo_Behaviour_Pipeline/outputs/v78k8_full_video_manual_overlay_mapping/Full_Unibo_Full_Video_Manual_Overlay_Mapping/full_frames/0052_c0003210722160000_frame.jpg","TLC4","C6","Tlc 4 - C6","RESOLVED","high","","2026-07-31T16:04:28"
"vid_053","45","c0003210722170000.mp4","/work/pig/datasets/Unibo/c0003210722170000.mp4","encoded_c_code","c0003","2021-07-22","17:00:00","17:00","","C3210722170000","/home/oyavuz/PigBench/Full_Unibo_Behaviour_Pipeline/outputs/v78k8_full_video_manual_overlay_mapping/Full_Unibo_Full_Video_Manual_Overlay_Mapping/overlay_crops/0053_c0003210722170000_overlay_crop.jpg","/home/oyavuz/PigBench/Full_Unibo_Behaviour_Pipeline/outputs/v78k8_full_video_manual_overlay_mapping/Full_Unibo_Full_Video_Manual_Overlay_Mapping/full_frames/0053_c0003210722170000_frame.jpg","TLC4","C6","Tlc 4 - C6","RESOLVED","high","","2026-07-31T16:04:40"
"vid_054","46","c0003210722180000.mp4","/work/pig/datasets/Unibo/c0003210722180000.mp4","encoded_c_code","c0003","2021-07-22","18:00:00","18:00","","C3210722180000","/home/oyavuz/PigBench/Full_Unibo_Behaviour_Pipeline/outputs/v78k8_full_video_manual_overlay_mapping/Full_Unibo_Full_Video_Manual_Overlay_Mapping/overlay_crops/0054_c0003210722180000_overlay_crop.jpg","/home/oyavuz/PigBench/Full_Unibo_Behaviour_Pipeline/outputs/v78k8_full_video_manual_overlay_mapping/Full_Unibo_Full_Video_Manual_Overlay_Mapping/full_frames/0054_c0003210722180000_frame.jpg","TLC4","C6","Tlc 4 - C6","RESOLVED","high","","2026-07-31T16:04:50"
"vid_055","47","c0003210722190000.mp4","/work/pig/datasets/Unibo/c0003210722190000.mp4","encoded_c_code","c0003","2021-07-22","19:00:00","19:00","","C3210722190000","/home/oyavuz/PigBench/Full_Unibo_Behaviour_Pipeline/outputs/v78k8_full_video_manual_overlay_mapping/Full_Unibo_Full_Video_Manual_Overlay_Mapping/overlay_crops/0055_c0003210722190000_overlay_crop.jpg","/home/oyavuz/PigBench/Full_Unibo_Behaviour_Pipeline/outputs/v78k8_full_video_manual_overlay_mapping/Full_Unibo_Full_Video_Manual_Overlay_Mapping/full_frames/0055_c0003210722190000_frame.jpg","TLC4","C6","Tlc 4 - C6","RESOLVED","high","","2026-07-31T16:04:59"
"vid_056","48","c0100210722065000.mp4","/work/pig/datasets/Unibo/c0100210722065000.mp4","encoded_c_code","c0100","2021-07-22","06:50:00","06:00","","C100210722065000","/home/oyavuz/PigBench/Full_Unibo_Behaviour_Pipeline/outputs/v78k8_full_video_manual_overlay_mapping/Full_Unibo_Full_Video_Manual_Overlay_Mapping/overlay_crops/0056_c0100210722065000_overlay_crop.jpg","/home/oyavuz/PigBench/Full_Unibo_Behaviour_Pipeline/outputs/v78k8_full_video_manual_overlay_mapping/Full_Unibo_Full_Video_Manual_Overlay_Mapping/full_frames/0056_c0100210722065000_frame.jpg","TLC5","M1","Tlc 5 - M1","RESOLVED","high","","2026-07-31T16:05:13"
"vid_057","49","c0100210722070000.mp4","/work/pig/datasets/Unibo/c0100210722070000.mp4","encoded_c_code","c0100","2021-07-22","07:00:00","07:00","","C100210722070000","/home/oyavuz/PigBench/Full_Unibo_Behaviour_Pipeline/outputs/v78k8_full_video_manual_overlay_mapping/Full_Unibo_Full_Video_Manual_Overlay_Mapping/overlay_crops/0057_c0100210722070000_overlay_crop.jpg","/home/oyavuz/PigBench/Full_Unibo_Behaviour_Pipeline/outputs/v78k8_full_video_manual_overlay_mapping/Full_Unibo_Full_Video_Manual_Overlay_Mapping/full_frames/0057_c0100210722070000_frame.jpg","TLC5","M1","Tlc 5 - M1","RESOLVED","high","","2026-07-31T16:05:23"
"vid_058","50","c0100210722080000.mp4","/work/pig/datasets/Unibo/c0100210722080000.mp4","encoded_c_code","c0100","2021-07-22","08:00:00","08:00","","C100210722080000","/home/oyavuz/PigBench/Full_Unibo_Behaviour_Pipeline/outputs/v78k8_full_video_manual_overlay_mapping/Full_Unibo_Full_Video_Manual_Overlay_Mapping/overlay_crops/0058_c0100210722080000_overlay_crop.jpg","/home/oyavuz/PigBench/Full_Unibo_Behaviour_Pipeline/outputs/v78k8_full_video_manual_overlay_mapping/Full_Unibo_Full_Video_Manual_Overlay_Mapping/full_frames/0058_c0100210722080000_frame.jpg","TLC5","M1","Tlc 5 - M1","RESOLVED","high","","2026-07-31T16:05:32"
"vid_059","51","c0100210722090000.mp4","/work/pig/datasets/Unibo/c0100210722090000.mp4","encoded_c_code","c0100","2021-07-22","09:00:00","09:00","","C100210722090000","/home/oyavuz/PigBench/Full_Unibo_Behaviour_Pipeline/outputs/v78k8_full_video_manual_overlay_mapping/Full_Unibo_Full_Video_Manual_Overlay_Mapping/overlay_crops/0059_c0100210722090000_overlay_crop.jpg","/home/oyavuz/PigBench/Full_Unibo_Behaviour_Pipeline/outputs/v78k8_full_video_manual_overlay_mapping/Full_Unibo_Full_Video_Manual_Overlay_Mapping/full_frames/0059_c0100210722090000_frame.jpg","TLC5","M1","Tlc 5 - M1","RESOLVED","high","","2026-07-31T16:05:42"
"vid_060","52","c0100210722100000.mp4","/work/pig/datasets/Unibo/c0100210722100000.mp4","encoded_c_code","c0100","2021-07-22","10:00:00","10:00","","C100210722100000","/home/oyavuz/PigBench/Full_Unibo_Behaviour_Pipeline/outputs/v78k8_full_video_manual_overlay_mapping/Full_Unibo_Full_Video_Manual_Overlay_Mapping/overlay_crops/0060_c0100210722100000_overlay_crop.jpg","/home/oyavuz/PigBench/Full_Unibo_Behaviour_Pipeline/outputs/v78k8_full_video_manual_overlay_mapping/Full_Unibo_Full_Video_Manual_Overlay_Mapping/full_frames/0060_c0100210722100000_frame.jpg","TLC5","M1","Tlc 5 - M1","RESOLVED","high","","2026-07-31T16:05:52"
"vid_061","53","c0100210722110000.mp4","/work/pig/datasets/Unibo/c0100210722110000.mp4","encoded_c_code","c0100","2021-07-22","11:00:00","11:00","","C100210722110000","/home/oyavuz/PigBench/Full_Unibo_Behaviour_Pipeline/outputs/v78k8_full_video_manual_overlay_mapping/Full_Unibo_Full_Video_Manual_Overlay_Mapping/overlay_crops/0061_c0100210722110000_overlay_crop.jpg","/home/oyavuz/PigBench/Full_Unibo_Behaviour_Pipeline/outputs/v78k8_full_video_manual_overlay_mapping/Full_Unibo_Full_Video_Manual_Overlay_Mapping/full_frames/0061_c0100210722110000_frame.jpg","TLC5","M1","Tlc 5 - M1","RESOLVED","high","","2026-07-31T16:06:01"
"vid_062","54","c0100210722120000.mp4","/work/pig/datasets/Unibo/c0100210722120000.mp4","encoded_c_code","c0100","2021-07-22","12:00:00","12:00","","C100210722120000","/home/oyavuz/PigBench/Full_Unibo_Behaviour_Pipeline/outputs/v78k8_full_video_manual_overlay_mapping/Full_Unibo_Full_Video_Manual_Overlay_Mapping/overlay_crops/0062_c0100210722120000_overlay_crop.jpg","/home/oyavuz/PigBench/Full_Unibo_Behaviour_Pipeline/outputs/v78k8_full_video_manual_overlay_mapping/Full_Unibo_Full_Video_Manual_Overlay_Mapping/full_frames/0062_c0100210722120000_frame.jpg","TLC5","M1","Tlc 5 - M1","RESOLVED","high","","2026-07-31T16:06:10"
"vid_063","55","c0100210722130000.mp4","/work/pig/datasets/Unibo/c0100210722130000.mp4","encoded_c_code","c0100","2021-07-22","13:00:00","13:00","","C100210722130000","/home/oyavuz/PigBench/Full_Unibo_Behaviour_Pipeline/outputs/v78k8_full_video_manual_overlay_mapping/Full_Unibo_Full_Video_Manual_Overlay_Mapping/overlay_crops/0063_c0100210722130000_overlay_crop.jpg","/home/oyavuz/PigBench/Full_Unibo_Behaviour_Pipeline/outputs/v78k8_full_video_manual_overlay_mapping/Full_Unibo_Full_Video_Manual_Overlay_Mapping/full_frames/0063_c0100210722130000_frame.jpg","TLC5","M1","Tlc 5 - M1","RESOLVED","high","","2026-07-31T16:06:18"
"vid_064","56","c0100210722140000.mp4","/work/pig/datasets/Unibo/c0100210722140000.mp4","encoded_c_code","c0100","2021-07-22","14:00:00","14:00","","C100210722140000","/home/oyavuz/PigBench/Full_Unibo_Behaviour_Pipeline/outputs/v78k8_full_video_manual_overlay_mapping/Full_Unibo_Full_Video_Manual_Overlay_Mapping/overlay_crops/0064_c0100210722140000_overlay_crop.jpg","/home/oyavuz/PigBench/Full_Unibo_Behaviour_Pipeline/outputs/v78k8_full_video_manual_overlay_mapping/Full_Unibo_Full_Video_Manual_Overlay_Mapping/full_frames/0064_c0100210722140000_frame.jpg","TLC5","M1","Tlc 5 - M1","RESOLVED","high","","2026-07-31T16:06:30"
"vid_065","57","c0100210722150000.mp4","/work/pig/datasets/Unibo/c0100210722150000.mp4","encoded_c_code","c0100","2021-07-22","15:00:00","15:00","","C100210722150000","/home/oyavuz/PigBench/Full_Unibo_Behaviour_Pipeline/outputs/v78k8_full_video_manual_overlay_mapping/Full_Unibo_Full_Video_Manual_Overlay_Mapping/overlay_crops/0065_c0100210722150000_overlay_crop.jpg","/home/oyavuz/PigBench/Full_Unibo_Behaviour_Pipeline/outputs/v78k8_full_video_manual_overlay_mapping/Full_Unibo_Full_Video_Manual_Overlay_Mapping/full_frames/0065_c0100210722150000_frame.jpg","TLC5","M1","Tlc 5 - M1","RESOLVED","high","","2026-07-31T16:06:38"
"vid_066","58","c0100210722160000.mp4","/work/pig/datasets/Unibo/c0100210722160000.mp4","encoded_c_code","c0100","2021-07-22","16:00:00","16:00","","C100210722160000","/home/oyavuz/PigBench/Full_Unibo_Behaviour_Pipeline/outputs/v78k8_full_video_manual_overlay_mapping/Full_Unibo_Full_Video_Manual_Overlay_Mapping/overlay_crops/0066_c0100210722160000_overlay_crop.jpg","/home/oyavuz/PigBench/Full_Unibo_Behaviour_Pipeline/outputs/v78k8_full_video_manual_overlay_mapping/Full_Unibo_Full_Video_Manual_Overlay_Mapping/full_frames/0066_c0100210722160000_frame.jpg","TLC5","M1","Tlc 5 - M1","RESOLVED","high","","2026-07-31T16:06:46"
"vid_067","59","c0100210722170000.mp4","/work/pig/datasets/Unibo/c0100210722170000.mp4","encoded_c_code","c0100","2021-07-22","17:00:00","17:00","","C100210722170000","/home/oyavuz/PigBench/Full_Unibo_Behaviour_Pipeline/outputs/v78k8_full_video_manual_overlay_mapping/Full_Unibo_Full_Video_Manual_Overlay_Mapping/overlay_crops/0067_c0100210722170000_overlay_crop.jpg","/home/oyavuz/PigBench/Full_Unibo_Behaviour_Pipeline/outputs/v78k8_full_video_manual_overlay_mapping/Full_Unibo_Full_Video_Manual_Overlay_Mapping/full_frames/0067_c0100210722170000_frame.jpg","TLC5","M1","Tlc 5 - M1","RESOLVED","high","","2026-07-31T16:06:55"
"vid_068","60","c0100210722180000.mp4","/work/pig/datasets/Unibo/c0100210722180000.mp4","encoded_c_code","c0100","2021-07-22","18:00:00","18:00","","C100210722180000","/home/oyavuz/PigBench/Full_Unibo_Behaviour_Pipeline/outputs/v78k8_full_video_manual_overlay_mapping/Full_Unibo_Full_Video_Manual_Overlay_Mapping/overlay_crops/0068_c0100210722180000_overlay_crop.jpg","/home/oyavuz/PigBench/Full_Unibo_Behaviour_Pipeline/outputs/v78k8_full_video_manual_overlay_mapping/Full_Unibo_Full_Video_Manual_Overlay_Mapping/full_frames/0068_c0100210722180000_frame.jpg","TLC5","M1","Tlc 5 - M1","RESOLVED","high","","2026-07-31T16:07:04"
"vid_069","61","c0100210722190000.mp4","/work/pig/datasets/Unibo/c0100210722190000.mp4","encoded_c_code","c0100","2021-07-22","19:00:00","19:00","","C100210722190000","/home/oyavuz/PigBench/Full_Unibo_Behaviour_Pipeline/outputs/v78k8_full_video_manual_overlay_mapping/Full_Unibo_Full_Video_Manual_Overlay_Mapping/overlay_crops/0069_c0100210722190000_overlay_crop.jpg","/home/oyavuz/PigBench/Full_Unibo_Behaviour_Pipeline/outputs/v78k8_full_video_manual_overlay_mapping/Full_Unibo_Full_Video_Manual_Overlay_Mapping/full_frames/0069_c0100210722190000_frame.jpg","TLC5","M1","Tlc 5 - M1","RESOLVED","high","","2026-07-31T16:07:14"
"vid_070","62","c0101210722065000.mp4","/work/pig/datasets/Unibo/c0101210722065000.mp4","encoded_c_code","c0101","2021-07-22","06:50:00","06:00","","C101210722065000","/home/oyavuz/PigBench/Full_Unibo_Behaviour_Pipeline/outputs/v78k8_full_video_manual_overlay_mapping/Full_Unibo_Full_Video_Manual_Overlay_Mapping/overlay_crops/0070_c0101210722065000_overlay_crop.jpg","/home/oyavuz/PigBench/Full_Unibo_Behaviour_Pipeline/outputs/v78k8_full_video_manual_overlay_mapping/Full_Unibo_Full_Video_Manual_Overlay_Mapping/full_frames/0070_c0101210722065000_frame.jpg","TLC6","M4","Tlc 6 - M4","RESOLVED","high","","2026-07-31T16:07:29"
"vid_071","63","c0101210722070000.mp4","/work/pig/datasets/Unibo/c0101210722070000.mp4","encoded_c_code","c0101","2021-07-22","07:00:00","07:00","","C101210722070000","/home/oyavuz/PigBench/Full_Unibo_Behaviour_Pipeline/outputs/v78k8_full_video_manual_overlay_mapping/Full_Unibo_Full_Video_Manual_Overlay_Mapping/overlay_crops/0071_c0101210722070000_overlay_crop.jpg","/home/oyavuz/PigBench/Full_Unibo_Behaviour_Pipeline/outputs/v78k8_full_video_manual_overlay_mapping/Full_Unibo_Full_Video_Manual_Overlay_Mapping/full_frames/0071_c0101210722070000_frame.jpg","TLC6","M4","Tlc 6 - M4","RESOLVED","high","","2026-07-31T16:07:49"
"vid_072","64","c0101210722080000.mp4","/work/pig/datasets/Unibo/c0101210722080000.mp4","encoded_c_code","c0101","2021-07-22","08:00:00","08:00","","C101210722080000","/home/oyavuz/PigBench/Full_Unibo_Behaviour_Pipeline/outputs/v78k8_full_video_manual_overlay_mapping/Full_Unibo_Full_Video_Manual_Overlay_Mapping/overlay_crops/0072_c0101210722080000_overlay_crop.jpg","/home/oyavuz/PigBench/Full_Unibo_Behaviour_Pipeline/outputs/v78k8_full_video_manual_overlay_mapping/Full_Unibo_Full_Video_Manual_Overlay_Mapping/full_frames/0072_c0101210722080000_frame.jpg","TLC6","M4","Tlc 6 - M4","RESOLVED","high","","2026-07-31T16:07:58"
"vid_073","65","c0101210722090000.mp4","/work/pig/datasets/Unibo/c0101210722090000.mp4","encoded_c_code","c0101","2021-07-22","09:00:00","09:00","","C101210722090000","/home/oyavuz/PigBench/Full_Unibo_Behaviour_Pipeline/outputs/v78k8_full_video_manual_overlay_mapping/Full_Unibo_Full_Video_Manual_Overlay_Mapping/overlay_crops/0073_c0101210722090000_overlay_crop.jpg","/home/oyavuz/PigBench/Full_Unibo_Behaviour_Pipeline/outputs/v78k8_full_video_manual_overlay_mapping/Full_Unibo_Full_Video_Manual_Overlay_Mapping/full_frames/0073_c0101210722090000_frame.jpg","TLC6","M4","Tlc 6 - M4","RESOLVED","high","","2026-07-31T16:08:08"
"vid_074","66","c0101210722100000.mp4","/work/pig/datasets/Unibo/c0101210722100000.mp4","encoded_c_code","c0101","2021-07-22","10:00:00","10:00","","C101210722100000","/home/oyavuz/PigBench/Full_Unibo_Behaviour_Pipeline/outputs/v78k8_full_video_manual_overlay_mapping/Full_Unibo_Full_Video_Manual_Overlay_Mapping/overlay_crops/0074_c0101210722100000_overlay_crop.jpg","/home/oyavuz/PigBench/Full_Unibo_Behaviour_Pipeline/outputs/v78k8_full_video_manual_overlay_mapping/Full_Unibo_Full_Video_Manual_Overlay_Mapping/full_frames/0074_c0101210722100000_frame.jpg","TLC6","M4","Tlc 6 - M4","RESOLVED","high","","2026-07-31T16:08:17"
"vid_075","67","c0101210722110000.mp4","/work/pig/datasets/Unibo/c0101210722110000.mp4","encoded_c_code","c0101","2021-07-22","11:00:00","11:00","","C101210722110000","/home/oyavuz/PigBench/Full_Unibo_Behaviour_Pipeline/outputs/v78k8_full_video_manual_overlay_mapping/Full_Unibo_Full_Video_Manual_Overlay_Mapping/overlay_crops/0075_c0101210722110000_overlay_crop.jpg","/home/oyavuz/PigBench/Full_Unibo_Behaviour_Pipeline/outputs/v78k8_full_video_manual_overlay_mapping/Full_Unibo_Full_Video_Manual_Overlay_Mapping/full_frames/0075_c0101210722110000_frame.jpg","TLC6","M4","Tlc 6 - M4","RESOLVED","high","","2026-07-31T16:08:25"
"vid_076","68","c0101210722120000.mp4","/work/pig/datasets/Unibo/c0101210722120000.mp4","encoded_c_code","c0101","2021-07-22","12:00:00","12:00","","C101210722120000","/home/oyavuz/PigBench/Full_Unibo_Behaviour_Pipeline/outputs/v78k8_full_video_manual_overlay_mapping/Full_Unibo_Full_Video_Manual_Overlay_Mapping/overlay_crops/0076_c0101210722120000_overlay_crop.jpg","/home/oyavuz/PigBench/Full_Unibo_Behaviour_Pipeline/outputs/v78k8_full_video_manual_overlay_mapping/Full_Unibo_Full_Video_Manual_Overlay_Mapping/full_frames/0076_c0101210722120000_frame.jpg","TLC6","M4","Tlc 6 - M4","RESOLVED","high","","2026-07-31T16:08:34"
"vid_077","69","c0101210722130000.mp4","/work/pig/datasets/Unibo/c0101210722130000.mp4","encoded_c_code","c0101","2021-07-22","13:00:00","13:00","","C101210722130000","/home/oyavuz/PigBench/Full_Unibo_Behaviour_Pipeline/outputs/v78k8_full_video_manual_overlay_mapping/Full_Unibo_Full_Video_Manual_Overlay_Mapping/overlay_crops/0077_c0101210722130000_overlay_crop.jpg","/home/oyavuz/PigBench/Full_Unibo_Behaviour_Pipeline/outputs/v78k8_full_video_manual_overlay_mapping/Full_Unibo_Full_Video_Manual_Overlay_Mapping/full_frames/0077_c0101210722130000_frame.jpg","TLC6","M4","Tlc 6 - M4","RESOLVED","high","","2026-07-31T16:08:42"
"vid_078","70","c0101210722140000.mp4","/work/pig/datasets/Unibo/c0101210722140000.mp4","encoded_c_code","c0101","2021-07-22","14:00:00","14:00","","C101210722140000","/home/oyavuz/PigBench/Full_Unibo_Behaviour_Pipeline/outputs/v78k8_full_video_manual_overlay_mapping/Full_Unibo_Full_Video_Manual_Overlay_Mapping/overlay_crops/0078_c0101210722140000_overlay_crop.jpg","/home/oyavuz/PigBench/Full_Unibo_Behaviour_Pipeline/outputs/v78k8_full_video_manual_overlay_mapping/Full_Unibo_Full_Video_Manual_Overlay_Mapping/full_frames/0078_c0101210722140000_frame.jpg","TLC6","M4","Tlc 6 - M4","RESOLVED","high","","2026-07-31T16:08:52"
"vid_079","71","c0101210722150000.mp4","/work/pig/datasets/Unibo/c0101210722150000.mp4","encoded_c_code","c0101","2021-07-22","15:00:00","15:00","","C101210722150000","/home/oyavuz/PigBench/Full_Unibo_Behaviour_Pipeline/outputs/v78k8_full_video_manual_overlay_mapping/Full_Unibo_Full_Video_Manual_Overlay_Mapping/overlay_crops/0079_c0101210722150000_overlay_crop.jpg","/home/oyavuz/PigBench/Full_Unibo_Behaviour_Pipeline/outputs/v78k8_full_video_manual_overlay_mapping/Full_Unibo_Full_Video_Manual_Overlay_Mapping/full_frames/0079_c0101210722150000_frame.jpg","TLC6","M4","Tlc 6 - M4","RESOLVED","high","","2026-07-31T16:09:00"
"vid_080","72","c0101210722160000.mp4","/work/pig/datasets/Unibo/c0101210722160000.mp4","encoded_c_code","c0101","2021-07-22","16:00:00","16:00","","C101210722160000","/home/oyavuz/PigBench/Full_Unibo_Behaviour_Pipeline/outputs/v78k8_full_video_manual_overlay_mapping/Full_Unibo_Full_Video_Manual_Overlay_Mapping/overlay_crops/0080_c0101210722160000_overlay_crop.jpg","/home/oyavuz/PigBench/Full_Unibo_Behaviour_Pipeline/outputs/v78k8_full_video_manual_overlay_mapping/Full_Unibo_Full_Video_Manual_Overlay_Mapping/full_frames/0080_c0101210722160000_frame.jpg","TLC6","M4","Tlc 6 - M4","RESOLVED","high","","2026-07-31T16:09:10"
"vid_081","73","c0101210722170000.mp4","/work/pig/datasets/Unibo/c0101210722170000.mp4","encoded_c_code","c0101","2021-07-22","17:00:00","17:00","","C101210722170000","/home/oyavuz/PigBench/Full_Unibo_Behaviour_Pipeline/outputs/v78k8_full_video_manual_overlay_mapping/Full_Unibo_Full_Video_Manual_Overlay_Mapping/overlay_crops/0081_c0101210722170000_overlay_crop.jpg","/home/oyavuz/PigBench/Full_Unibo_Behaviour_Pipeline/outputs/v78k8_full_video_manual_overlay_mapping/Full_Unibo_Full_Video_Manual_Overlay_Mapping/full_frames/0081_c0101210722170000_frame.jpg","TLC6","M4","Tlc 6 - M4","RESOLVED","high","","2026-07-31T16:09:20"
"vid_082","74","c0101210722180000.mp4","/work/pig/datasets/Unibo/c0101210722180000.mp4","encoded_c_code","c0101","2021-07-22","18:00:00","18:00","","C101210722180000","/home/oyavuz/PigBench/Full_Unibo_Behaviour_Pipeline/outputs/v78k8_full_video_manual_overlay_mapping/Full_Unibo_Full_Video_Manual_Overlay_Mapping/overlay_crops/0082_c0101210722180000_overlay_crop.jpg","/home/oyavuz/PigBench/Full_Unibo_Behaviour_Pipeline/outputs/v78k8_full_video_manual_overlay_mapping/Full_Unibo_Full_Video_Manual_Overlay_Mapping/full_frames/0082_c0101210722180000_frame.jpg","TLC6","M4","Tlc 6 - M4","RESOLVED","high","","2026-07-31T16:09:28"
"vid_083","75","c0101210722190000.mp4","/work/pig/datasets/Unibo/c0101210722190000.mp4","encoded_c_code","c0101","2021-07-22","19:00:00","19:00","","C101210722190000","/home/oyavuz/PigBench/Full_Unibo_Behaviour_Pipeline/outputs/v78k8_full_video_manual_overlay_mapping/Full_Unibo_Full_Video_Manual_Overlay_Mapping/overlay_crops/0083_c0101210722190000_overlay_crop.jpg","/home/oyavuz/PigBench/Full_Unibo_Behaviour_Pipeline/outputs/v78k8_full_video_manual_overlay_mapping/Full_Unibo_Full_Video_Manual_Overlay_Mapping/full_frames/0083_c0101210722190000_frame.jpg","TLC6","M4","Tlc 6 - M4","RESOLVED","high","","2026-07-31T16:09:36"
"vid_000","76","TLC 1 -B1 0700-0800.mp4","/work/pig/datasets/Unibo/TLC 1 -B1 0700-0800.mp4","friendly_tlc","","","07:00:00","07:00","TLC1","B1","/home/oyavuz/PigBench/Full_Unibo_Behaviour_Pipeline/outputs/v78k8_full_video_manual_overlay_mapping/Full_Unibo_Full_Video_Manual_Overlay_Mapping/overlay_crops/0000_TLC_1_-B1_0700-0800_overlay_crop.jpg","/home/oyavuz/PigBench/Full_Unibo_Behaviour_Pipeline/outputs/v78k8_full_video_manual_overlay_mapping/Full_Unibo_Full_Video_Manual_Overlay_Mapping/full_frames/0000_TLC_1_-B1_0700-0800_frame.jpg","TLC1","B1","Tlc 1 - B1","RESOLVED","high","","2026-07-31T16:10:09"
"vid_006","77","TLC1 B1 800-900.mp4","/work/pig/datasets/Unibo/TLC1 B1 800-900.mp4","friendly_tlc","","","08:00:00","08:00","TLC1","B1","/home/oyavuz/PigBench/Full_Unibo_Behaviour_Pipeline/outputs/v78k8_full_video_manual_overlay_mapping/Full_Unibo_Full_Video_Manual_Overlay_Mapping/overlay_crops/0006_TLC1_B1_800-900_overlay_crop.jpg","/home/oyavuz/PigBench/Full_Unibo_Behaviour_Pipeline/outputs/v78k8_full_video_manual_overlay_mapping/Full_Unibo_Full_Video_Manual_Overlay_Mapping/full_frames/0006_TLC1_B1_800-900_frame.jpg","TLC1","B1","Tlc 1 - B1","RESOLVED","high","","2026-07-31T16:10:20"
"vid_007","78","TLC1 B1 900-1000.mp4","/work/pig/datasets/Unibo/TLC1 B1 900-1000.mp4","friendly_tlc","","","09:00:00","09:00","TLC1","B1","/home/oyavuz/PigBench/Full_Unibo_Behaviour_Pipeline/outputs/v78k8_full_video_manual_overlay_mapping/Full_Unibo_Full_Video_Manual_Overlay_Mapping/overlay_crops/0007_TLC1_B1_900-1000_overlay_crop.jpg","/home/oyavuz/PigBench/Full_Unibo_Behaviour_Pipeline/outputs/v78k8_full_video_manual_overlay_mapping/Full_Unibo_Full_Video_Manual_Overlay_Mapping/full_frames/0007_TLC1_B1_900-1000_frame.jpg","TLC1","B1","Tlc 1 - B1","RESOLVED","high","","2026-07-31T16:10:28"
"vid_001","79","TLC1 B1 1000-1100.mp4","/work/pig/datasets/Unibo/TLC1 B1 1000-1100.mp4","friendly_tlc","","","10:00:00","10:00","TLC1","B1","/home/oyavuz/PigBench/Full_Unibo_Behaviour_Pipeline/outputs/v78k8_full_video_manual_overlay_mapping/Full_Unibo_Full_Video_Manual_Overlay_Mapping/overlay_crops/0001_TLC1_B1_1000-1100_overlay_crop.jpg","/home/oyavuz/PigBench/Full_Unibo_Behaviour_Pipeline/outputs/v78k8_full_video_manual_overlay_mapping/Full_Unibo_Full_Video_Manual_Overlay_Mapping/full_frames/0001_TLC1_B1_1000-1100_frame.jpg","TLC1","B1","Tlc 1 - B1","RESOLVED","high","","2026-07-31T16:10:37"
"vid_002","80","TLC1 B1 1100-1200.mp4","/work/pig/datasets/Unibo/TLC1 B1 1100-1200.mp4","friendly_tlc","","","11:00:00","11:00","TLC1","B1","/home/oyavuz/PigBench/Full_Unibo_Behaviour_Pipeline/outputs/v78k8_full_video_manual_overlay_mapping/Full_Unibo_Full_Video_Manual_Overlay_Mapping/overlay_crops/0002_TLC1_B1_1100-1200_overlay_crop.jpg","/home/oyavuz/PigBench/Full_Unibo_Behaviour_Pipeline/outputs/v78k8_full_video_manual_overlay_mapping/Full_Unibo_Full_Video_Manual_Overlay_Mapping/full_frames/0002_TLC1_B1_1100-1200_frame.jpg","TLC1","B1","Tlc 1 - B1","RESOLVED","high","","2026-07-31T16:10:48"
"vid_003","81","TLC1 B1 1200-1300.mp4","/work/pig/datasets/Unibo/TLC1 B1 1200-1300.mp4","friendly_tlc","","","12:00:00","12:00","TLC1","B1","/home/oyavuz/PigBench/Full_Unibo_Behaviour_Pipeline/outputs/v78k8_full_video_manual_overlay_mapping/Full_Unibo_Full_Video_Manual_Overlay_Mapping/overlay_crops/0003_TLC1_B1_1200-1300_overlay_crop.jpg","/home/oyavuz/PigBench/Full_Unibo_Behaviour_Pipeline/outputs/v78k8_full_video_manual_overlay_mapping/Full_Unibo_Full_Video_Manual_Overlay_Mapping/full_frames/0003_TLC1_B1_1200-1300_frame.jpg","TLC1","B1","Tlc 1 - B1","RESOLVED","high","","2026-07-31T16:10:57"
"vid_004","82","TLC1 B1 1300-1400.mp4","/work/pig/datasets/Unibo/TLC1 B1 1300-1400.mp4","friendly_tlc","","","13:00:00","13:00","TLC1","B1","/home/oyavuz/PigBench/Full_Unibo_Behaviour_Pipeline/outputs/v78k8_full_video_manual_overlay_mapping/Full_Unibo_Full_Video_Manual_Overlay_Mapping/overlay_crops/0004_TLC1_B1_1300-1400_overlay_crop.jpg","/home/oyavuz/PigBench/Full_Unibo_Behaviour_Pipeline/outputs/v78k8_full_video_manual_overlay_mapping/Full_Unibo_Full_Video_Manual_Overlay_Mapping/full_frames/0004_TLC1_B1_1300-1400_frame.jpg","TLC1","B1","Tlc 1 - B1","RESOLVED","high","","2026-07-31T16:11:05"
"vid_005","83","TLC1 B1 1400-1500.mp4","/work/pig/datasets/Unibo/TLC1 B1 1400-1500.mp4","friendly_tlc","","","14:00:00","14:00","TLC1","B1","/home/oyavuz/PigBench/Full_Unibo_Behaviour_Pipeline/outputs/v78k8_full_video_manual_overlay_mapping/Full_Unibo_Full_Video_Manual_Overlay_Mapping/overlay_crops/0005_TLC1_B1_1400-1500_overlay_crop.jpg","/home/oyavuz/PigBench/Full_Unibo_Behaviour_Pipeline/outputs/v78k8_full_video_manual_overlay_mapping/Full_Unibo_Full_Video_Manual_Overlay_Mapping/full_frames/0005_TLC1_B1_1400-1500_frame.jpg","TLC1","B1","Tlc 1 - B1","RESOLVED","high","","2026-07-31T16:16:37"
