"target_id","date","camera","pen","unresolved_windows","candidate_video_camera_codes","selected_visual_group_id","view_type","video_camera_code","sample_hour","roi_x1_norm","roi_y1_norm","roi_x2_norm","roi_y2_norm","resolution_status","confidence","evidence_type","reviewer_note","saved_at"
"target_001","2021-07-22","TLC1","B3","159","c0000;c0001;c0002;c0003;c0100;c0101","GROUP_A","side","c0002","09:00","0.037692","0.108529","0.972308","0.854412","resolved_with_pen_roi","high","manual_pen_roi_browser_interface_v78k","","2026-07-28T22:07:27"
"target_002","2021-07-22","TLC1","big","438","c0000;c0001;c0002;c0003;c0100;c0101","GROUP_A","","","","","","","","needs_pen_roi_resolution","","","",""
"target_003","2021-07-22","TLC2","B4","354","c0000;c0001;c0002;c0003;c0100;c0101","","","","","","","","","needs_pen_roi_resolution","","","",""
"target_004","2021-07-22","TLC2","B6","198","c0000;c0001;c0002;c0003;c0100;c0101","","","","","","","","","needs_pen_roi_resolution","","","",""
"target_005","2021-07-22","TLC3","C1","438","c0000;c0001;c0002;c0003;c0100;c0101","","","","","","","","","needs_pen_roi_resolution","","","",""
"target_006","2021-07-22","TLC3","C3","57","c0001;c0002;c0003;c0100;c0101","","","","","","","","","needs_pen_roi_resolution","","","",""
"target_007","2021-07-22","TLC4","C4","396","c0000;c0001;c0002;c0003;c0100;c0101","","","","","","","","","needs_pen_roi_resolution","","","",""
"target_008","2021-07-22","TLC4","C6","406","c0000;c0001;c0002;c0003;c0100;c0101","","","","","","","","","needs_pen_roi_resolution","","","",""
"target_009","2021-07-22","TLC5","M1","423","c0000;c0001;c0002;c0003;c0100;c0101","","","","","","","","","needs_pen_roi_resolution","","","",""
"target_010","2021-07-22","TLC5","M2","420","c0000;c0001;c0002;c0003;c0100;c0101","","","","","","","","","needs_pen_roi_resolution","","","",""
"target_011","2021-07-22","TLC6","M3","397","c0000;c0001;c0002;c0003;c0100;c0101","","","","","","","","","needs_pen_roi_resolution","","","",""
"target_012","2021-07-22","TLC6","M4","428","c0000;c0001;c0002;c0003;c0100;c0101","","","","","","","","","needs_pen_roi_resolution","","","",""
